Fecha,Horas de carga,Horas de servicio,Presión de agua de entrada de la bomba,Presión de agua de salida de la bomba,Presión de aire a la descarga de 1a etapa,Presión de aire a la descarga de 2a etapa,Presión de aire a la descarga de 3a etapa,Presión de regulación,Presión del aceite,Presión del tanque pulmón,Temperatura ambiente,Temperatura de agua a la entrada del compresor,Temperatura de agua a la salida del compresor,Temperatura de aire a la descarga 1a etapa,Temperatura de aire a la descarga 2a etapa,Temperatura de aire a la descarga 3a etapa,Temperatura de aspiración de 2a etapa,Temperatura de aspiración de 3a etapa                    ,Temperatura de chumacera lado libre ,Temperatura de chumacera lado motor,Temperatura de chumacera lado polea,Temperatura de cruceta horizontal,Temperatura de cruceta vertical,Temperatura del aceite            ,Temperatura del estator,Temperatura del punto de rocío del secador,Temperatura del rodamiento del motor lado flecha,Temperatura del rodamiento del motor lado ventilador,Temperatura del tanque pulmón,iso_anomaly
2025-01-02,86490.0,116456.0,2.0,4.0,3.0,12.0,28.0,8.1,3.5,28.0,19.0,26.0,35.0,199.0,168.0,125.0,44.0,32.0,52.0,45.0,30.0,68.0,74.0,52.0,58.0,3.3,36.0,55.0,25.0,False
2025-01-03,86515.0,116481.0,2.0,4.0,3.0,12.0,28.0,8.1,3.5,28.0,19.0,26.0,35.0,199.0,168.0,125.0,44.0,32.0,52.0,45.0,30.0,68.0,74.0,52.0,58.0,3.3,36.0,55.0,25.0,False
2025-01-04,86533.0,116499.0,2.0,4.0,3.0,12.0,28.0,8.1,3.5,28.0,19.0,26.0,35.0,199.0,168.0,125.0,44.0,32.0,52.0,45.0,30.0,68.0,74.0,52.0,58.0,3.3,36.0,55.0,25.0,False
2025-01-06,85559.0,116526.0,2.0,4.0,3.0,12.0,27.0,8.1,3.8,28.0,25.0,34.0,42.0,207.0,178.0,137.0,52.0,40.0,77.0,51.0,41.0,71.0,78.0,56.0,68.0,3.6,43.0,55.0,32.0,False
2025-01-07,86583.0,116551.0,2.0,4.0,3.0,12.0,28.0,8.0,3.8,29.0,27.0,35.0,44.0,209.0,178.0,133.0,52.0,40.0,64.0,50.0,40.0,70.0,76.0,56.0,66.0,4.0,41.0,56.0,31.0,False
2025-01-08,86606.0,116574.0,2.0,4.0,3.0,12.0,26.0,8.2,3.6,27.0,30.0,37.0,45.0,211.0,181.0,136.0,54.0,42.0,69.0,53.0,46.0,72.0,78.0,57.0,75.0,4.3,47.0,61.0,31.0,False
2025-01-09,86629.0,116597.0,2.0,4.0,3.0,12.0,28.0,8.0,3.7,27.0,32.0,38.0,46.0,212.0,188.0,136.0,56.0,44.0,74.0,55.0,47.0,72.0,78.0,58.0,75.0,4.5,49.0,65.0,34.0,False
2025-01-10,86653.0,116621.0,2.0,4.0,3.0,12.0,27.0,8.1,3.8,28.0,29.0,34.0,42.0,208.0,177.0,136.0,52.0,40.0,64.0,53.0,45.0,71.0,78.0,56.0,73.0,4.1,47.0,51.0,31.0,False
2025-01-11,86672.0,116640.0,2.0,4.0,3.0,12.0,26.0,8.0,3.7,27.0,26.0,31.0,40.0,205.0,174.0,130.0,50.0,40.0,65.0,52.0,43.0,70.0,76.0,55.0,64.0,3.9,46.0,60.0,29.0,False
2025-01-13,86724.0,116692.0,2.0,4.0,3.0,12.0,28.0,8.1,3.7,28.0,29.0,38.0,46.0,212.0,181.0,139.0,56.0,42.0,70.0,56.0,48.0,72.0,78.0,57.0,74.0,3.4,49.0,64.0,33.0,False
2025-01-14,86750.0,116718.0,2.0,4.0,3.0,12.0,27.0,8.0,3.7,28.0,27.0,38.0,46.0,213.0,181.0,139.0,56.0,42.0,70.0,52.0,47.0,72.0,78.0,58.0,66.0,3.6,44.0,62.0,39.0,False
2025-01-15,86772.0,116740.0,2.0,4.0,3.0,12.0,28.0,8.1,3.8,28.0,32.0,41.0,49.0,215.0,186.0,141.0,58.0,44.0,69.0,59.0,46.0,73.0,78.0,60.0,76.0,3.7,49.0,68.0,41.0,False
2025-01-16,86796.0,116764.0,2.0,4.0,3.0,12.0,27.0,8.1,3.7,28.0,31.0,42.0,50.0,219.0,186.0,141.0,58.0,46.0,70.0,60.0,49.0,73.0,80.0,60.0,78.0,4.0,51.0,70.0,41.0,False
2025-01-17,86821.0,116789.0,2.0,4.0,3.0,12.0,27.0,8.0,3.7,27.0,36.0,40.0,48.0,216.0,184.0,139.0,58.0,44.0,68.0,58.0,51.0,73.0,79.0,60.0,81.0,3.5,51.0,70.0,40.0,False
2025-01-18,86839.0,116807.0,2.0,4.0,3.0,12.0,27.0,8.1,3.5,26.0,26.0,26.0,35.0,200.0,166.0,125.0,44.0,32.0,60.0,51.0,38.0,69.0,76.0,53.0,64.0,2.8,46.0,61.0,26.0,False
2025-01-20,86891.0,116861.0,2.0,4.0,3.0,12.0,27.0,8.1,3.7,28.0,30.0,36.0,44.0,208.0,179.0,135.0,52.0,40.0,67.0,56.0,56.0,71.0,76.0,57.0,70.0,3.3,45.0,64.0,37.0,False
2025-01-21,86914.0,116884.0,2.0,4.0,3.0,12.0,27.0,8.0,3.7,27.0,33.0,39.0,47.0,215.0,182.0,135.0,56.0,44.0,62.0,54.0,44.0,72.0,78.0,58.0,80.0,3.6,52.0,68.0,31.0,False
2025-01-22,86938.0,116908.0,2.0,4.0,3.0,12.0,28.0,8.2,3.8,27.0,34.0,42.0,50.0,215.0,185.0,143.0,60.0,46.0,63.0,57.0,46.0,73.0,78.0,59.0,81.0,3.5,52.0,70.0,34.0,False
2025-01-23,86962.0,116932.0,2.0,4.0,3.0,12.0,27.0,8.1,3.6,26.0,34.0,42.0,50.0,215.0,185.0,147.0,60.0,48.0,67.0,58.0,47.0,73.0,79.0,59.0,82.0,5.0,53.0,70.0,35.0,False
2025-01-24,86986.0,116956.0,2.0,4.0,3.0,12.0,28.0,8.0,3.8,28.0,34.0,39.0,46.0,214.0,182.0,137.0,56.0,44.0,63.0,60.0,47.0,72.0,78.0,58.0,73.0,3.8,50.0,68.0,38.0,False
2025-01-25,87005.0,116975.0,2.0,4.0,3.0,12.0,27.0,8.0,3.5,27.0,26.0,27.0,36.0,201.0,169.0,126.0,48.0,36.0,58.0,53.0,39.0,69.0,76.0,53.0,71.0,3.1,45.0,62.0,28.0,False
2025-01-30,87073.0,117043.0,2.0,4.0,3.0,12.0,27.0,8.1,3.6,28.0,31.0,39.0,48.0,213.0,185.0,141.0,58.0,44.0,71.0,55.0,45.0,73.0,78.0,59.0,72.0,3.6,49.0,64.0,37.0,False
2025-01-31,87097.0,117067.0,2.0,4.0,3.0,12.0,27.0,8.0,3.8,29.0,35.0,41.0,49.0,216.0,185.0,143.0,60.0,48.0,68.0,60.0,50.0,74.0,80.0,60.0,79.0,3.8,54.0,75.0,41.0,False
2025-02-01,87116.0,117086.0,2.0,4.0,3.0,12.0,27.0,8.1,3.8,28.0,28.0,30.0,38.0,204.0,171.0,127.0,48.0,38.0,58.0,55.0,45.0,70.0,76.0,55.0,68.0,2.9,45.0,63.0,35.0,False
2025-02-04,87194.0,117165.0,2.0,4.0,3.0,12.0,28.0,8.0,3.6,29.0,34.0,35.0,44.0,209.0,180.0,138.0,54.0,40.0,63.0,56.0,43.0,72.0,78.0,58.0,72.0,2.9,47.0,66.0,38.0,False
2025-02-05,87215.0,117186.0,2.0,4.0,3.0,12.0,28.0,8.0,3.6,29.0,34.0,35.0,44.0,209.0,180.0,138.0,54.0,40.0,63.0,56.0,43.0,72.0,78.0,58.0,72.0,2.9,47.0,66.0,38.0,False
2025-02-06,87238.0,117209.0,2.0,4.0,3.0,12.0,27.0,8.1,3.8,27.0,34.0,40.0,47.0,215.0,183.0,141.0,60.0,44.0,67.0,59.0,48.0,74.0,78.0,60.0,82.0,3.3,53.0,70.0,38.0,False
2025-02-07,87263.0,117234.0,2.0,4.0,3.0,12.0,27.0,8.1,3.8,27.0,39.0,40.0,48.0,216.0,183.0,140.0,60.0,44.0,69.0,60.0,50.0,74.0,79.0,60.0,83.0,4.9,52.0,70.0,37.0,False
2025-02-08,87280.0,117251.0,2.0,4.0,3.0,12.0,27.0,8.1,3.8,27.0,39.0,40.0,48.0,216.0,183.0,140.0,60.0,44.0,69.0,60.0,50.0,74.0,79.0,60.0,83.0,4.9,52.0,70.0,37.0,False
2025-02-11,87359.0,117330.0,2.0,4.0,3.0,12.0,28.0,8.1,3.6,29.0,34.0,37.0,46.0,213.0,180.0,137.0,58.0,42.0,65.0,58.0,43.0,73.0,78.0,59.0,80.0,3.1,52.0,71.0,31.0,False
2025-02-12,87383.0,117354.0,2.0,4.0,3.0,12.0,28.0,8.1,3.6,29.0,34.0,37.0,46.0,213.0,180.0,137.0,58.0,42.0,65.0,58.0,43.0,73.0,78.0,59.0,80.0,3.1,52.0,71.0,31.0,False
2025-02-14,87402.0,117387.0,2.0,4.0,3.0,12.0,28.0,8.1,3.6,29.0,34.0,37.0,46.0,213.0,180.0,137.0,58.0,42.0,65.0,58.0,43.0,73.0,78.0,59.0,80.0,3.1,52.0,71.0,31.0,False
2025-02-15,87406.0,117397.0,2.0,4.0,3.0,12.0,26.0,8.1,3.3,25.0,24.0,25.0,28.0,184.0,147.0,113.0,40.0,32.0,55.0,52.0,35.0,65.0,63.0,52.0,64.0,5.5,38.0,50.0,26.0,True
2025-02-20,87440.0,117452.0,2.0,4.0,3.0,12.0,26.0,8.1,3.3,25.0,24.0,25.0,28.0,184.0,147.0,113.0,40.0,32.0,55.0,52.0,35.0,65.0,63.0,52.0,64.0,5.5,38.0,50.0,26.0,True
2025-02-21,87449.0,117471.0,2.0,4.0,3.0,12.0,26.0,8.1,3.3,25.0,24.0,25.0,28.0,184.0,147.0,113.0,40.0,32.0,55.0,52.0,35.0,65.0,63.0,52.0,64.0,5.5,38.0,50.0,26.0,True
2025-02-22,87452.0,117477.0,2.0,4.0,3.0,12.0,26.0,8.1,3.3,25.0,24.0,25.0,28.0,184.0,147.0,113.0,40.0,32.0,55.0,52.0,35.0,65.0,63.0,52.0,64.0,5.5,38.0,50.0,26.0,True
2025-02-24,87463.0,117510.0,2.0,4.0,3.0,12.0,26.0,8.1,3.3,25.0,24.0,25.0,28.0,184.0,147.0,113.0,40.0,32.0,55.0,52.0,35.0,65.0,63.0,52.0,64.0,5.5,38.0,50.0,26.0,True
2025-02-26,87475.0,117536.0,2.0,4.0,3.0,12.0,26.0,8.1,3.8,26.0,35.0,32.0,41.0,187.0,162.0,127.0,48.0,38.0,56.0,31.0,44.0,68.0,69.0,54.0,60.0,3.8,43.0,53.0,30.0,False
2025-02-27,87495.0,117560.0,2.0,4.0,3.0,12.0,26.0,8.1,3.8,26.0,35.0,32.0,41.0,187.0,162.0,127.0,48.0,38.0,56.0,31.0,44.0,68.0,69.0,54.0,60.0,3.8,43.0,53.0,30.0,False
2025-02-28,87510.0,117581.0,2.0,4.0,3.0,12.0,26.0,8.1,3.8,26.0,35.0,32.0,41.0,187.0,162.0,127.0,48.0,38.0,56.0,31.0,44.0,68.0,69.0,54.0,60.0,3.8,43.0,53.0,30.0,False
2025-03-01,87520.0,117598.0,2.0,4.0,3.0,12.0,27.0,8.0,3.6,26.0,24.0,23.0,30.0,198.0,166.0,122.0,42.0,30.0,56.0,49.0,37.0,68.0,71.0,53.0,56.0,2.9,34.0,46.0,27.0,True
2025-03-03,87556.0,117651.0,2.0,4.0,3.0,12.0,27.0,8.1,3.8,27.0,36.0,37.0,39.0,200.0,168.0,133.0,54.0,42.0,62.0,59.0,45.0,70.0,70.0,58.0,72.0,2.6,47.0,60.0,36.0,False
2025-03-04,87568.0,117672.0,2.0,4.0,3.0,12.0,27.0,8.1,3.8,27.0,36.0,37.0,39.0,200.0,168.0,133.0,54.0,42.0,62.0,59.0,45.0,70.0,70.0,58.0,72.0,2.6,47.0,60.0,36.0,False
2025-03-05,87580.0,117691.0,2.0,4.0,3.0,12.0,27.0,8.1,3.8,27.0,36.0,37.0,39.0,200.0,168.0,133.0,54.0,42.0,62.0,59.0,45.0,70.0,70.0,58.0,72.0,2.6,47.0,60.0,36.0,False
2025-03-06,87589.0,117708.0,2.0,4.0,3.0,12.0,27.0,8.1,3.8,27.0,36.0,37.0,39.0,200.0,168.0,133.0,54.0,42.0,62.0,59.0,45.0,70.0,70.0,58.0,72.0,2.6,47.0,60.0,36.0,False
2025-03-07,87606.0,117731.0,2.0,4.0,3.0,12.0,27.0,8.1,3.8,27.0,36.0,37.0,39.0,200.0,168.0,133.0,54.0,42.0,62.0,59.0,45.0,70.0,70.0,58.0,72.0,2.6,47.0,60.0,36.0,False
2025-03-08,87620.0,117750.0,2.0,4.0,3.0,12.0,27.0,8.1,3.8,27.0,36.0,37.0,39.0,200.0,168.0,133.0,54.0,42.0,62.0,59.0,45.0,70.0,70.0,58.0,72.0,2.6,47.0,60.0,36.0,False
2025-03-10,87661.0,117801.0,2.0,4.0,3.0,12.0,27.0,7.8,3.6,28.0,35.0,37.0,44.0,195.0,164.0,138.0,58.0,44.0,65.0,58.0,44.0,73.0,73.0,58.0,76.0,5.0,49.0,65.0,36.0,False
2025-03-11,87675.0,117824.0,2.0,4.0,3.0,12.0,27.0,7.8,3.6,28.0,35.0,37.0,44.0,195.0,164.0,138.0,58.0,44.0,65.0,58.0,44.0,73.0,73.0,58.0,76.0,5.0,49.0,65.0,36.0,False
2025-03-12,87684.0,117839.0,2.0,4.0,3.0,12.0,27.0,7.8,3.6,28.0,35.0,37.0,44.0,195.0,164.0,138.0,58.0,44.0,65.0,58.0,44.0,73.0,73.0,58.0,76.0,5.0,49.0,65.0,36.0,False
2025-03-13,87699.0,117862.0,2.0,4.0,3.0,12.0,27.0,7.8,3.6,28.0,35.0,37.0,44.0,195.0,164.0,138.0,58.0,44.0,65.0,58.0,44.0,73.0,73.0,58.0,76.0,5.0,49.0,65.0,36.0,False
2025-03-14,87715.0,117885.0,2.0,4.0,3.0,12.0,27.0,7.8,3.6,28.0,35.0,37.0,44.0,195.0,164.0,138.0,58.0,44.0,65.0,58.0,44.0,73.0,73.0,58.0,76.0,5.0,49.0,65.0,36.0,False
2025-03-15,87728.0,117902.0,2.0,4.0,3.0,12.0,27.0,7.8,3.6,28.0,35.0,37.0,44.0,195.0,164.0,138.0,58.0,44.0,65.0,58.0,44.0,73.0,73.0,58.0,76.0,5.0,49.0,65.0,36.0,False
2025-03-18,87773.0,117975.0,2.0,4.0,3.0,12.0,27.0,7.8,3.6,28.0,35.0,37.0,44.0,195.0,164.0,138.0,58.0,44.0,65.0,58.0,44.0,73.0,73.0,58.0,76.0,5.0,49.0,65.0,36.0,False
2025-03-19,87787.0,117995.0,2.0,4.0,3.0,12.0,27.0,7.8,3.6,28.0,35.0,37.0,44.0,195.0,164.0,138.0,58.0,44.0,65.0,58.0,44.0,73.0,73.0,58.0,76.0,5.0,49.0,65.0,36.0,False
2025-03-20,87810.0,118018.0,2.0,4.0,3.0,12.0,27.0,7.8,3.6,28.0,35.0,37.0,44.0,195.0,164.0,138.0,58.0,44.0,65.0,58.0,44.0,73.0,73.0,58.0,76.0,5.0,49.0,65.0,36.0,False
2025-03-21,87834.0,118042.0,2.0,4.0,3.0,12.0,27.0,8.0,3.7,26.0,34.0,44.0,52.0,216.0,185.0,142.0,60.0,46.0,65.0,60.0,47.0,74.0,79.0,56.0,82.0,4.5,53.0,74.0,35.0,False
2025-03-22,87851.0,118059.0,2.0,4.0,3.0,12.0,27.0,8.0,3.7,26.0,28.0,31.0,39.0,202.0,171.0,131.0,50.0,38.0,57.0,54.0,38.0,71.0,76.0,61.0,72.0,4.1,45.0,60.0,29.0,False
2025-03-24,87902.0,118114.0,2.0,4.0,3.0,12.0,27.0,8.0,3.7,26.0,28.0,31.0,39.0,202.0,171.0,131.0,50.0,38.0,57.0,54.0,38.0,71.0,76.0,61.0,72.0,4.1,45.0,60.0,29.0,False
2025-03-25,87925.0,118139.0,2.0,4.0,3.0,12.0,28.0,8.2,3.8,27.0,35.0,42.0,50.0,212.0,185.0,144.0,60.0,46.0,62.0,58.0,45.0,74.0,80.0,61.0,76.0,4.9,50.0,69.0,36.0,False
2025-03-26,87947.0,118161.0,2.0,4.0,3.0,12.0,28.0,8.0,3.8,27.0,35.0,42.0,51.0,213.0,185.0,143.0,60.0,46.0,65.0,60.0,48.0,75.0,80.0,61.0,80.0,4.2,53.0,70.0,35.0,False
2025-03-27,87971.0,118185.0,2.0,4.0,3.0,12.0,27.0,7.8,3.7,26.0,34.0,42.0,50.0,212.0,184.0,144.0,60.0,46.0,63.0,58.0,43.0,75.0,80.0,61.0,78.0,4.3,50.0,69.0,33.0,False
2025-03-28,87996.0,118210.0,2.0,4.0,3.0,12.0,28.0,7.8,3.6,28.0,38.0,43.0,50.0,215.0,186.0,146.0,62.0,48.0,64.0,61.0,49.0,75.0,80.0,61.0,80.0,3.2,53.0,70.0,38.0,False
2025-03-29,88013.0,118227.0,2.0,4.0,3.0,12.0,27.0,8.0,3.8,28.0,27.0,31.0,39.0,204.0,171.0,128.0,50.0,36.0,53.0,51.0,37.0,71.0,76.0,56.0,72.0,4.3,44.0,61.0,29.0,False
2025-03-31,88049.0,118262.0,2.0,4.0,3.0,12.0,27.0,8.0,3.8,28.0,27.0,31.0,39.0,204.0,171.0,128.0,50.0,36.0,53.0,51.0,37.0,71.0,76.0,56.0,72.0,4.3,44.0,61.0,29.0,False
2025-04-01,88058.0,118280.0,2.0,4.0,3.0,12.0,27.0,8.0,3.8,28.0,27.0,31.0,39.0,204.0,171.0,128.0,50.0,36.0,53.0,51.0,37.0,71.0,76.0,56.0,72.0,4.3,44.0,61.0,29.0,False
2025-04-02,88065.0,118298.0,2.0,4.0,3.0,12.0,27.0,8.0,3.8,28.0,27.0,31.0,39.0,204.0,171.0,128.0,50.0,36.0,53.0,51.0,37.0,71.0,76.0,56.0,72.0,4.3,44.0,61.0,29.0,False
2025-04-03,88076.0,118317.0,2.0,4.0,3.0,12.0,27.0,8.0,3.8,28.0,27.0,31.0,39.0,204.0,171.0,128.0,50.0,36.0,53.0,51.0,37.0,71.0,76.0,56.0,72.0,4.3,44.0,61.0,29.0,False
2025-04-04,88090.0,118341.0,2.0,4.0,3.0,12.0,27.0,7.8,3.6,29.0,37.0,39.0,46.0,189.0,167.0,140.0,58.0,44.0,68.0,61.0,50.0,71.0,73.0,61.0,79.0,3.9,52.0,67.0,32.0,False
2025-04-05,88103.0,118358.0,2.0,4.0,3.0,12.0,27.0,7.8,3.6,29.0,37.0,39.0,46.0,189.0,167.0,140.0,58.0,44.0,68.0,61.0,50.0,71.0,73.0,61.0,79.0,3.9,52.0,67.0,32.0,False
2025-04-07,88146.0,118412.0,2.0,4.0,3.0,12.0,27.0,7.9,3.7,27.0,38.0,37.0,40.0,199.0,169.0,133.0,56.0,42.0,60.0,61.0,45.0,71.0,72.0,58.0,71.0,5.0,48.0,63.0,34.0,False
2025-04-08,88154.0,118428.0,2.0,4.0,3.0,12.0,27.0,7.9,3.7,27.0,38.0,37.0,40.0,199.0,169.0,133.0,56.0,42.0,60.0,61.0,45.0,71.0,72.0,58.0,71.0,5.0,48.0,63.0,34.0,False
2025-04-10,88180.0,118466.0,2.0,4.0,3.0,12.0,27.0,7.9,3.7,27.0,38.0,37.0,40.0,199.0,169.0,133.0,56.0,42.0,60.0,61.0,45.0,71.0,72.0,58.0,71.0,5.0,48.0,63.0,34.0,False
2025-04-11,88193.0,118489.0,2.0,4.0,3.0,12.0,27.0,7.9,3.7,27.0,38.0,37.0,40.0,199.0,169.0,133.0,56.0,42.0,60.0,61.0,45.0,71.0,72.0,58.0,71.0,5.0,48.0,63.0,34.0,False
2025-04-12,88203.0,118504.0,2.0,4.0,3.0,12.0,27.0,7.9,3.7,27.0,38.0,37.0,40.0,199.0,169.0,133.0,56.0,42.0,60.0,61.0,45.0,71.0,72.0,58.0,71.0,5.0,48.0,63.0,34.0,False
2025-04-14,88238.0,118552.0,2.0,4.0,3.0,12.0,27.0,7.9,3.7,27.0,38.0,37.0,40.0,199.0,169.0,133.0,56.0,42.0,60.0,61.0,45.0,71.0,72.0,58.0,71.0,5.0,48.0,63.0,34.0,False
2025-04-15,88251.0,118571.0,2.0,4.0,3.0,12.0,27.0,8.2,3.7,27.0,33.0,40.0,49.0,211.0,189.0,142.0,60.0,44.0,62.0,53.0,45.0,73.0,79.0,60.0,71.0,3.9,46.0,61.0,35.0,False
2025-04-17,88281.0,118609.0,2.0,4.0,3.0,12.0,27.0,8.2,3.7,27.0,33.0,40.0,49.0,211.0,189.0,142.0,60.0,44.0,62.0,53.0,45.0,73.0,79.0,60.0,71.0,3.9,46.0,61.0,35.0,False
2025-04-18,88292.0,118625.0,2.0,4.0,3.0,12.0,27.0,8.2,3.7,27.0,33.0,40.0,49.0,211.0,189.0,142.0,60.0,44.0,62.0,53.0,45.0,73.0,79.0,60.0,71.0,3.9,46.0,61.0,35.0,False
2025-04-19,88314.0,118647.0,2.0,4.0,3.0,12.0,27.0,7.4,3.8,26.0,28.0,26.0,33.0,191.0,164.0,156.0,42.0,30.0,53.0,52.0,40.0,70.0,72.0,57.0,52.0,3.6,49.0,56.0,28.0,True
2025-04-21,88370.0,118703.0,2.0,4.0,3.0,12.0,27.0,7.8,3.7,26.0,34.0,39.0,45.0,201.0,185.0,169.0,54.0,42.0,61.0,58.0,45.0,74.0,75.0,63.0,72.0,3.3,46.0,62.0,33.0,False
2025-04-22,88391.0,118725.0,2.0,4.0,3.0,12.0,27.0,7.8,3.7,26.0,34.0,39.0,45.0,201.0,185.0,169.0,54.0,42.0,61.0,58.0,45.0,74.0,75.0,63.0,72.0,3.3,46.0,62.0,33.0,False
2025-04-24,88433.0,118768.0,2.0,4.0,3.0,12.0,28.0,8.2,3.7,27.0,37.0,41.0,49.0,212.0,187.0,148.0,58.0,44.0,63.0,57.0,50.0,73.0,79.0,61.0,82.0,4.2,52.0,68.0,38.0,False
2025-04-25,88453.0,118790.0,2.0,4.0,3.0,12.0,28.0,8.0,3.8,29.0,37.0,42.0,50.0,211.0,188.0,145.0,60.0,48.0,63.0,50.0,48.0,73.0,79.0,60.0,79.0,2.9,51.0,69.0,38.0,False
2025-04-26,88468.0,118805.0,2.0,4.0,3.0,12.0,27.0,7.7,3.7,28.0,30.0,31.0,39.0,199.0,174.0,131.0,50.0,38.0,57.0,51.0,38.0,69.0,76.0,55.0,72.0,4.2,45.0,63.0,31.0,False
2025-04-28,88520.0,118861.0,2.0,4.0,3.0,12.0,28.0,7.7,3.7,28.0,33.0,40.0,49.0,208.0,198.0,143.0,60.0,46.0,58.0,54.0,43.0,72.0,77.0,59.0,78.0,3.9,49.0,65.0,38.0,False
2025-04-29,88537.0,118878.0,2.0,4.0,3.0,12.0,28.0,7.7,3.7,28.0,33.0,40.0,49.0,208.0,198.0,143.0,60.0,46.0,58.0,54.0,43.0,72.0,77.0,59.0,78.0,3.9,49.0,65.0,38.0,False
2025-05-02,88605.0,118949.0,2.0,4.0,3.0,12.0,27.0,7.6,3.7,28.0,34.0,40.0,48.0,210.0,188.0,142.0,60.0,44.0,56.0,68.0,48.0,72.0,79.0,60.0,81.0,3.5,50.0,69.0,37.0,False
2025-05-03,88622.0,118966.0,2.0,4.0,3.0,12.0,27.0,7.8,3.7,26.0,27.0,34.0,41.0,203.0,179.0,134.0,52.0,40.0,57.0,65.0,46.0,69.0,77.0,56.0,77.0,3.3,44.0,63.0,32.0,False
2025-05-06,88685.0,119033.0,2.0,4.0,3.0,12.0,27.0,7.8,3.7,26.0,27.0,34.0,41.0,203.0,179.0,134.0,52.0,40.0,57.0,65.0,46.0,69.0,77.0,56.0,77.0,3.3,44.0,63.0,32.0,False
2025-05-07,88708.0,119057.0,2.0,4.0,3.0,12.0,28.0,7.8,3.7,27.0,38.0,46.0,54.0,214.0,190.0,148.0,62.0,48.0,65.0,65.0,48.0,74.0,80.0,62.0,80.0,4.9,57.0,78.0,37.0,True
2025-05-08,88732.0,119081.0,2.0,4.0,3.0,12.0,27.0,7.6,3.8,25.0,35.0,37.0,46.0,207.0,182.0,140.0,58.0,44.0,60.0,65.0,42.0,73.0,78.0,60.0,81.0,3.5,52.0,65.0,33.0,False
2025-05-09,88753.0,119102.0,2.0,4.0,3.0,12.0,27.0,7.6,3.8,25.0,35.0,37.0,46.0,207.0,182.0,140.0,58.0,44.0,60.0,65.0,42.0,73.0,78.0,60.0,81.0,3.5,52.0,65.0,33.0,False
2025-05-10,88760.0,119117.0,2.0,4.0,3.0,12.0,27.0,7.6,3.8,25.0,35.0,37.0,46.0,207.0,182.0,140.0,58.0,44.0,60.0,65.0,42.0,73.0,78.0,60.0,81.0,3.5,52.0,65.0,33.0,False
2025-05-12,88770.0,119139.0,2.0,4.0,3.0,12.0,27.0,7.6,3.8,25.0,35.0,37.0,46.0,207.0,182.0,140.0,58.0,44.0,60.0,65.0,42.0,73.0,78.0,60.0,81.0,3.5,52.0,65.0,33.0,False
2025-05-13,88777.0,119155.0,2.0,4.0,3.0,12.0,27.0,7.6,3.8,25.0,35.0,37.0,46.0,207.0,182.0,140.0,58.0,44.0,60.0,65.0,42.0,73.0,78.0,60.0,81.0,3.5,52.0,65.0,33.0,False
2025-05-14,88788.0,119177.0,2.0,4.0,3.0,12.0,27.0,7.6,3.8,25.0,35.0,37.0,46.0,207.0,182.0,140.0,58.0,44.0,60.0,65.0,42.0,73.0,78.0,60.0,81.0,3.5,52.0,65.0,33.0,False
2025-05-16,88814.0,119220.0,2.0,4.0,3.0,12.0,27.0,7.6,3.8,25.0,35.0,37.0,46.0,207.0,182.0,140.0,58.0,44.0,60.0,65.0,42.0,73.0,78.0,60.0,81.0,3.5,52.0,65.0,33.0,False
2025-05-17,88828.0,119238.0,2.0,4.0,3.0,12.0,26.0,7.6,3.6,25.0,29.0,30.0,36.0,193.0,163.0,124.0,42.0,36.0,51.0,70.0,35.0,67.0,71.0,54.0,68.0,3.4,42.0,58.0,31.0,False
2025-05-20,88858.0,119296.0,2.0,4.0,3.0,12.0,26.0,7.6,3.6,25.0,29.0,30.0,36.0,193.0,163.0,124.0,42.0,36.0,51.0,70.0,35.0,67.0,71.0,54.0,68.0,3.4,42.0,58.0,31.0,False
2025-05-21,88858.0,119296.0,2.0,4.0,3.0,12.0,26.0,7.6,3.6,25.0,29.0,30.0,36.0,193.0,163.0,124.0,42.0,36.0,51.0,70.0,35.0,67.0,71.0,54.0,68.0,3.4,42.0,58.0,31.0,False
2025-05-22,88887.0,119344.0,2.0,4.0,3.0,12.0,26.0,7.6,3.6,25.0,29.0,30.0,36.0,193.0,163.0,124.0,42.0,36.0,51.0,70.0,35.0,67.0,71.0,54.0,68.0,3.4,42.0,58.0,31.0,False
2025-05-23,88902.0,119368.0,2.0,4.0,3.0,12.0,26.0,7.6,3.6,25.0,29.0,30.0,36.0,193.0,163.0,124.0,42.0,36.0,51.0,70.0,35.0,67.0,71.0,54.0,68.0,3.4,42.0,58.0,31.0,False
2025-05-24,88907.0,119383.0,2.0,4.0,3.0,12.0,28.0,7.4,3.5,27.0,27.0,29.0,36.0,196.0,166.0,128.0,40.0,34.0,50.0,49.0,36.0,67.0,72.0,53.0,64.0,3.9,37.0,52.0,28.0,False
2025-05-26,88938.0,119434.0,2.0,4.0,3.0,12.0,28.0,7.4,3.5,27.0,27.0,29.0,36.0,196.0,166.0,128.0,40.0,34.0,50.0,49.0,36.0,67.0,72.0,53.0,64.0,3.9,37.0,52.0,28.0,False
2025-05-28,88948.0,119453.0,2.0,4.0,3.0,12.0,28.0,7.4,3.5,27.0,27.0,29.0,36.0,196.0,166.0,128.0,40.0,34.0,50.0,49.0,36.0,67.0,72.0,53.0,64.0,3.9,37.0,52.0,28.0,False
2025-05-29,88958.0,119472.0,2.0,4.0,3.0,12.0,28.0,7.4,3.5,27.0,27.0,29.0,36.0,196.0,166.0,128.0,40.0,34.0,50.0,49.0,36.0,67.0,72.0,53.0,64.0,3.9,37.0,52.0,28.0,False
2025-05-30,88961.0,119484.0,2.0,4.0,3.0,12.0,28.0,7.4,3.5,27.0,27.0,29.0,36.0,196.0,166.0,128.0,40.0,34.0,50.0,49.0,36.0,67.0,72.0,53.0,64.0,3.9,37.0,52.0,28.0,False
2025-05-31,88962.0,119494.0,2.0,4.0,3.0,12.0,28.0,7.4,3.5,27.0,27.0,29.0,36.0,196.0,166.0,128.0,40.0,34.0,50.0,49.0,36.0,67.0,72.0,53.0,64.0,3.9,37.0,52.0,28.0,False
2025-06-04,88963.0,119497.0,2.0,4.0,3.0,12.0,28.0,8.1,3.8,28.0,27.0,40.0,48.0,204.0,181.0,141.0,53.0,42.0,43.0,57.0,36.0,64.0,69.0,48.0,54.0,2.8,37.0,47.0,34.0,False
2025-06-05,88987.0,119522.0,2.0,4.0,3.0,12.0,27.0,8.0,3.8,28.0,30.0,39.0,47.0,210.0,183.0,139.0,56.0,42.0,57.0,70.0,47.0,72.0,79.0,59.0,75.0,3.9,49.0,66.0,41.0,False
2025-06-06,89010.0,119546.0,2.0,4.0,3.0,12.0,27.0,8.0,3.8,28.0,30.0,39.0,47.0,210.0,183.0,139.0,56.0,42.0,57.0,70.0,47.0,72.0,79.0,59.0,75.0,3.9,49.0,66.0,41.0,False
2025-06-07,89027.0,119563.0,2.0,4.0,3.0,12.0,27.0,8.0,3.8,28.0,30.0,39.0,47.0,210.0,183.0,139.0,56.0,42.0,57.0,70.0,47.0,72.0,79.0,59.0,75.0,3.9,49.0,66.0,41.0,False
2025-06-10,89101.0,119639.0,2.0,4.0,3.0,12.0,28.0,8.1,3.7,28.0,34.0,40.0,48.0,210.0,182.0,143.0,56.0,44.0,62.0,67.0,50.0,72.0,80.0,60.0,77.0,3.8,49.0,69.0,42.0,False
2025-06-11,89124.0,119662.0,2.0,4.0,3.0,12.0,28.0,8.0,3.6,27.0,32.0,39.0,47.0,208.0,183.0,142.0,58.0,44.0,68.0,69.0,48.0,72.0,79.0,59.0,77.0,3.6,49.0,68.0,33.0,False
2025-06-12,89148.0,119686.0,2.0,4.0,3.0,12.0,28.0,8.0,3.6,27.0,32.0,36.0,44.0,206.0,177.0,136.0,52.0,38.0,64.0,62.0,45.0,71.0,78.0,58.0,76.0,3.4,48.0,71.0,33.0,False
2025-06-13,89172.0,119710.0,2.0,4.0,3.0,12.0,28.0,7.8,3.7,27.0,32.0,36.0,44.0,210.0,181.0,139.0,52.0,38.0,64.0,59.0,45.0,72.0,80.0,60.0,76.0,3.4,48.0,71.0,33.0,False
2025-06-14,89188.0,119726.0,2.0,4.0,3.0,12.0,28.0,7.8,3.7,27.0,32.0,36.0,44.0,210.0,181.0,139.0,52.0,38.0,64.0,59.0,45.0,72.0,80.0,60.0,76.0,3.4,48.0,71.0,33.0,False
2025-06-16,89241.0,119782.0,2.0,4.0,3.0,12.0,28.0,7.8,3.7,27.0,32.0,36.0,44.0,210.0,181.0,139.0,52.0,38.0,64.0,59.0,45.0,72.0,80.0,60.0,76.0,3.4,48.0,71.0,33.0,False
2025-06-18,89285.0,119830.0,2.0,4.0,3.0,12.0,29.0,8.2,3.7,28.0,30.0,36.0,44.0,206.0,178.0,139.0,52.0,40.0,60.0,54.0,44.0,72.0,79.0,58.0,73.0,3.9,46.0,71.0,31.0,False
2025-06-19,89308.0,119853.0,2.0,4.0,3.0,12.0,28.0,8.0,3.6,28.0,30.0,36.0,44.0,207.0,178.0,138.0,50.0,38.0,60.0,54.0,40.0,72.0,78.0,56.0,70.0,3.4,44.0,70.0,30.0,False
2025-06-21,89348.0,119894.0,2.0,4.0,3.0,12.0,28.0,8.2,3.6,28.0,23.0,30.0,39.0,198.0,170.0,132.0,44.0,36.0,52.0,49.0,35.0,69.0,77.0,57.0,68.0,3.8,40.0,63.0,27.0,False
2025-06-23,89401.0,119950.0,2.0,4.0,3.0,12.0,28.0,7.8,3.6,27.0,26.0,34.0,42.0,206.0,178.0,136.0,52.0,40.0,58.0,52.0,42.0,71.0,78.0,56.0,72.0,3.3,44.0,67.0,30.0,False
2025-06-24,89425.0,119974.0,2.0,4.0,3.0,12.0,28.0,7.8,3.6,27.0,26.0,34.0,42.0,206.0,178.0,136.0,52.0,40.0,58.0,52.0,42.0,71.0,78.0,56.0,72.0,3.3,44.0,67.0,30.0,False
2025-06-25,89448.0,119974.0,2.0,4.0,3.0,12.0,28.0,8.2,3.7,27.0,26.0,29.0,38.0,199.0,171.0,131.0,48.0,44.0,57.0,51.0,43.0,71.0,77.0,58.0,73.0,3.2,45.0,67.0,29.0,False
2025-06-26,89472.0,120022.0,2.0,4.0,3.0,12.0,28.0,8.0,3.8,26.0,26.0,31.0,39.0,199.0,169.0,132.0,44.0,36.0,54.0,50.0,39.0,70.0,77.0,57.0,71.0,3.5,43.0,70.0,30.0,False
2025-06-27,89494.0,120044.0,2.0,4.0,3.0,12.0,28.0,8.0,3.8,26.0,26.0,31.0,39.0,199.0,169.0,132.0,44.0,36.0,54.0,50.0,39.0,70.0,77.0,57.0,71.0,3.5,43.0,70.0,30.0,False
2025-06-28,89512.0,120062.0,2.0,4.0,3.0,12.0,28.0,8.1,3.6,26.0,23.0,30.0,38.0,198.0,169.0,128.0,42.0,32.0,50.0,46.0,35.0,70.0,76.0,57.0,65.0,3.2,38.0,63.0,28.0,False
2025-07-03,89636.0,120187.0,2.0,4.0,3.0,12.0,28.0,7.9,3.7,28.0,30.0,41.0,50.0,210.0,184.0,145.0,58.0,42.0,60.0,56.0,46.0,74.0,80.0,61.0,78.0,3.5,50.0,76.0,34.0,False
2025-07-04,89661.0,120212.0,2.0,4.0,3.0,12.0,28.0,8.0,3.7,28.0,30.0,41.0,49.0,212.0,185.0,142.0,58.0,44.0,62.0,56.0,46.0,74.0,81.0,50.0,69.0,3.5,47.0,62.0,40.0,False
2025-07-05,89679.0,120230.0,2.0,4.0,3.0,12.0,28.0,7.8,3.6,28.0,23.0,28.0,37.0,198.0,169.0,131.0,46.0,36.0,51.0,49.0,36.0,70.0,77.0,61.0,71.0,3.5,43.0,66.0,28.0,False
2025-07-08,89722.0,120277.0,2.0,4.0,3.0,12.0,28.0,7.8,3.6,28.0,23.0,28.0,37.0,198.0,169.0,131.0,46.0,36.0,51.0,49.0,36.0,70.0,77.0,61.0,71.0,3.5,43.0,66.0,28.0,False
2025-07-09,89728.0,120297.0,2.0,4.0,3.0,12.0,28.0,7.8,3.6,28.0,23.0,28.0,37.0,198.0,169.0,131.0,46.0,36.0,51.0,49.0,36.0,70.0,77.0,61.0,71.0,3.5,43.0,66.0,28.0,False
2025-07-10,89742.0,120319.0,2.0,4.0,3.0,12.0,28.0,7.8,3.6,28.0,23.0,28.0,37.0,198.0,169.0,131.0,46.0,36.0,51.0,49.0,36.0,70.0,77.0,61.0,71.0,3.5,43.0,66.0,28.0,False
2025-07-11,89761.0,120344.0,2.0,4.0,3.0,12.0,27.0,7.8,3.7,26.0,28.0,29.0,38.0,197.0,165.0,127.0,42.0,32.0,52.0,48.0,37.0,70.0,74.0,56.0,64.0,3.2,39.0,62.0,30.0,False
2025-07-12,89767.0,120358.0,2.0,4.0,3.0,12.0,27.0,7.8,3.7,26.0,28.0,29.0,38.0,197.0,165.0,127.0,42.0,32.0,52.0,48.0,37.0,70.0,74.0,56.0,64.0,3.2,39.0,62.0,30.0,False
2025-07-14,89787.0,120403.0,2.0,4.0,3.0,12.0,27.0,7.8,3.7,26.0,28.0,29.0,38.0,197.0,165.0,127.0,42.0,32.0,52.0,48.0,37.0,70.0,74.0,56.0,64.0,3.2,39.0,62.0,30.0,False
2025-07-15,89787.0,120403.0,2.0,4.0,3.0,12.0,27.0,7.8,3.7,26.0,28.0,29.0,38.0,197.0,165.0,127.0,42.0,32.0,52.0,48.0,37.0,70.0,74.0,56.0,64.0,3.2,39.0,62.0,30.0,False
2025-07-16,89804.0,120423.0,2.0,4.0,3.0,12.0,27.0,7.8,3.7,26.0,28.0,29.0,38.0,197.0,165.0,127.0,42.0,32.0,52.0,48.0,37.0,70.0,74.0,56.0,64.0,3.2,39.0,62.0,30.0,False
2025-07-17,89806.0,120423.0,2.0,4.0,3.0,12.0,27.0,7.8,3.7,26.0,28.0,29.0,38.0,197.0,165.0,127.0,42.0,32.0,52.0,48.0,37.0,70.0,74.0,56.0,64.0,3.2,39.0,62.0,30.0,False
2025-07-18,89810.0,120451.0,2.0,4.0,3.0,12.0,27.0,7.8,3.7,26.0,28.0,29.0,38.0,197.0,165.0,127.0,42.0,32.0,52.0,48.0,37.0,70.0,74.0,56.0,64.0,3.2,39.0,62.0,30.0,False
2025-07-19,89812.0,120463.0,2.0,4.0,3.0,12.0,27.0,7.8,3.7,26.0,28.0,29.0,38.0,197.0,165.0,127.0,42.0,32.0,52.0,48.0,37.0,70.0,74.0,56.0,64.0,3.2,39.0,62.0,30.0,False
2025-07-21,89814.0,120475.0,2.0,4.0,3.0,12.0,27.0,7.8,3.7,26.0,28.0,29.0,38.0,197.0,165.0,127.0,42.0,32.0,52.0,48.0,37.0,70.0,74.0,56.0,64.0,3.2,39.0,62.0,30.0,False
2025-07-23,89816.0,120490.0,2.0,4.0,3.0,12.0,27.0,7.8,3.7,26.0,28.0,29.0,38.0,197.0,165.0,127.0,42.0,32.0,52.0,48.0,37.0,70.0,74.0,56.0,64.0,3.2,39.0,62.0,30.0,False
2025-07-24,89817.0,120497.0,2.0,4.0,3.0,12.0,27.0,7.8,3.7,26.0,28.0,29.0,38.0,197.0,165.0,127.0,42.0,32.0,52.0,48.0,37.0,70.0,74.0,56.0,64.0,3.2,39.0,62.0,30.0,False
2025-07-25,89824.0,120512.0,2.0,4.0,3.0,12.0,27.0,7.8,3.7,26.0,28.0,29.0,38.0,197.0,165.0,127.0,42.0,32.0,52.0,48.0,37.0,70.0,74.0,56.0,64.0,3.2,39.0,62.0,30.0,False
2025-07-26,89828.0,120527.0,2.0,4.0,3.0,12.0,27.0,7.8,3.7,26.0,28.0,29.0,38.0,197.0,165.0,127.0,42.0,32.0,52.0,48.0,37.0,70.0,74.0,56.0,64.0,3.2,39.0,62.0,30.0,False
2025-07-28,89851.0,120576.0,2.0,4.0,3.0,12.0,27.0,7.8,3.7,26.0,28.0,29.0,38.0,197.0,165.0,127.0,42.0,32.0,52.0,48.0,37.0,70.0,74.0,56.0,64.0,3.2,39.0,62.0,30.0,False
2025-07-29,89853.0,120585.0,2.0,4.0,3.0,12.0,27.0,7.8,3.7,26.0,28.0,29.0,38.0,197.0,165.0,127.0,42.0,32.0,52.0,48.0,37.0,70.0,74.0,56.0,64.0,3.2,39.0,62.0,30.0,False
2025-07-30,89860.0,120603.0,2.0,4.0,3.0,12.0,27.0,7.8,3.7,26.0,28.0,29.0,38.0,197.0,165.0,127.0,42.0,32.0,52.0,48.0,37.0,70.0,74.0,56.0,64.0,3.2,39.0,62.0,30.0,False
2025-07-31,89863.0,120611.0,2.0,4.0,3.0,12.0,27.0,7.8,3.7,26.0,28.0,29.0,38.0,197.0,165.0,127.0,42.0,32.0,52.0,48.0,37.0,70.0,74.0,56.0,64.0,3.2,39.0,62.0,30.0,False
2025-08-01,89863.0,120612.0,2.0,4.0,3.0,12.0,27.0,7.8,3.7,26.0,28.0,29.0,38.0,197.0,165.0,127.0,42.0,32.0,52.0,48.0,37.0,70.0,74.0,56.0,64.0,3.2,39.0,62.0,30.0,False
2025-08-02,89872.0,120628.0,2.0,4.0,3.0,12.0,27.0,7.8,3.7,26.0,28.0,29.0,38.0,197.0,165.0,127.0,42.0,32.0,52.0,48.0,37.0,70.0,74.0,56.0,64.0,3.2,39.0,62.0,30.0,False
2025-08-04,89884.0,120650.0,2.0,4.0,3.0,12.0,27.0,7.8,3.7,26.0,28.0,29.0,38.0,197.0,165.0,127.0,42.0,32.0,52.0,48.0,37.0,70.0,74.0,56.0,64.0,3.2,39.0,62.0,30.0,False
2025-08-05,89884.0,120652.0,2.0,4.0,3.0,12.0,27.0,7.8,3.7,26.0,28.0,29.0,38.0,197.0,165.0,127.0,42.0,32.0,52.0,48.0,37.0,70.0,74.0,56.0,64.0,3.2,39.0,62.0,30.0,False
2025-08-06,89885.0,120658.0,2.0,4.0,3.0,12.0,27.0,7.8,3.7,26.0,28.0,29.0,38.0,197.0,165.0,127.0,42.0,32.0,52.0,48.0,37.0,70.0,74.0,56.0,64.0,3.2,39.0,62.0,30.0,False
2025-08-07,89887.0,120666.0,2.0,4.0,3.0,12.0,27.0,7.8,3.7,26.0,28.0,29.0,38.0,197.0,165.0,127.0,42.0,32.0,52.0,48.0,37.0,70.0,74.0,56.0,64.0,3.2,39.0,62.0,30.0,False
2025-08-08,89890.0,120675.0,2.0,4.0,3.0,12.0,27.0,7.8,3.7,26.0,28.0,29.0,38.0,197.0,165.0,127.0,42.0,32.0,52.0,48.0,37.0,70.0,74.0,56.0,64.0,3.2,39.0,62.0,30.0,False
2025-08-09,89892.0,120684.0,2.0,4.0,3.0,12.0,27.0,7.8,3.7,26.0,28.0,29.0,38.0,197.0,165.0,127.0,42.0,32.0,52.0,48.0,37.0,70.0,74.0,56.0,64.0,3.2,39.0,62.0,30.0,False
2025-08-11,89947.0,120739.0,2.0,4.0,3.0,12.0,27.0,7.8,3.7,26.0,28.0,29.0,38.0,197.0,165.0,127.0,42.0,32.0,52.0,48.0,37.0,70.0,74.0,56.0,64.0,3.2,39.0,62.0,30.0,False
2025-08-12,89967.0,120763.0,2.0,4.0,3.0,12.0,27.0,7.8,3.7,26.0,28.0,29.0,38.0,197.0,165.0,127.0,42.0,32.0,52.0,48.0,37.0,70.0,74.0,56.0,64.0,3.2,39.0,62.0,30.0,False
2025-08-15,90037.0,120783.0,2.0,4.0,3.0,12.0,27.0,7.8,3.7,26.0,28.0,29.0,38.0,197.0,165.0,127.0,42.0,32.0,52.0,48.0,37.0,70.0,74.0,56.0,64.0,3.2,39.0,62.0,30.0,False
2025-08-16,900052.0,120852.0,2.0,4.0,3.0,12.0,28.0,7.4,3.6,27.0,28.0,30.0,39.0,200.0,173.0,131.0,46.0,34.0,55.0,50.0,39.0,69.0,76.0,59.0,74.0,3.2,44.0,69.0,30.0,False
2025-08-19,90125.0,120930.0,2.0,4.0,3.0,12.0,28.0,7.4,3.6,27.0,28.0,30.0,39.0,200.0,173.0,131.0,46.0,34.0,55.0,50.0,39.0,69.0,76.0,59.0,74.0,3.2,44.0,69.0,30.0,False
2025-08-20,90145.0,120953.0,2.0,4.0,3.0,12.0,28.0,7.6,3.6,27.0,30.0,38.0,47.0,200.0,180.0,141.0,54.0,42.0,61.0,52.0,43.0,77.0,78.0,54.0,70.0,3.4,45.0,70.0,33.0,False
2025-08-21,90170.0,120978.0,2.0,4.0,3.0,12.0,28.0,7.6,3.7,28.0,33.0,38.0,46.0,206.0,180.0,139.0,54.0,40.0,64.0,53.0,45.0,72.0,78.0,57.0,76.0,3.3,49.0,72.0,34.0,False
2025-08-22,90194.0,121002.0,2.0,4.0,3.0,12.0,28.0,7.6,3.7,28.0,33.0,38.0,46.0,206.0,180.0,139.0,54.0,40.0,64.0,53.0,45.0,72.0,78.0,57.0,76.0,3.3,49.0,72.0,34.0,False
2025-08-23,90211.0,121019.0,2.0,4.0,3.0,12.0,28.0,7.6,3.4,28.0,34.0,32.0,41.0,211.0,186.0,145.0,46.0,34.0,56.0,49.0,40.0,73.0,79.0,58.0,70.0,27.0,41.0,62.0,30.0,False
2025-08-25,90265.0,121073.0,2.0,4.0,3.0,12.0,28.0,7.6,3.4,28.0,34.0,32.0,41.0,211.0,186.0,145.0,46.0,34.0,56.0,49.0,40.0,73.0,79.0,58.0,70.0,27.0,41.0,62.0,30.0,False
2025-08-26,90288.0,121097.0,2.0,4.0,3.0,12.0,28.0,7.6,3.4,28.0,34.0,32.0,41.0,211.0,186.0,145.0,46.0,34.0,56.0,49.0,40.0,73.0,79.0,58.0,70.0,27.0,41.0,62.0,30.0,False
2025-08-27,90312.0,121121.0,2.0,4.0,3.0,12.0,28.0,7.6,3.4,28.0,34.0,32.0,41.0,211.0,186.0,145.0,46.0,34.0,56.0,49.0,40.0,73.0,79.0,58.0,70.0,27.0,41.0,62.0,30.0,False
2025-08-28,90337.0,121146.0,2.0,4.0,3.0,12.0,28.0,7.6,3.4,28.0,34.0,32.0,41.0,211.0,186.0,145.0,46.0,34.0,56.0,49.0,40.0,73.0,79.0,58.0,70.0,27.0,41.0,62.0,30.0,False
2025-08-29,90360.0,121169.0,2.0,4.0,3.0,12.0,28.0,7.9,3.5,28.0,35.0,42.0,51.0,216.0,185.0,143.0,58.0,44.0,65.0,55.0,49.0,79.0,80.0,59.0,71.0,3.5,52.0,68.0,42.0,False
2025-08-30,90379.0,121118.0,2.0,4.0,3.0,12.0,28.0,7.8,3.4,35.0,28.0,32.0,41.0,203.0,173.0,134.0,48.0,36.0,56.0,52.0,42.0,71.0,77.0,55.0,68.0,2.9,45.0,61.0,40.0,False
2025-09-02,90435.0,121252.0,2.0,4.0,3.0,12.0,28.0,7.8,3.4,35.0,28.0,32.0,41.0,203.0,173.0,134.0,48.0,36.0,56.0,52.0,42.0,71.0,77.0,55.0,68.0,2.9,45.0,61.0,40.0,False
2025-09-03,90450.0,121272.0,2.0,4.0,3.0,12.0,28.0,7.8,3.4,35.0,28.0,32.0,41.0,203.0,173.0,134.0,48.0,36.0,56.0,52.0,42.0,71.0,77.0,55.0,68.0,2.9,45.0,61.0,40.0,False
2025-09-04,90456.0,121288.0,2.0,4.0,3.0,12.0,28.0,7.8,3.4,35.0,28.0,32.0,41.0,203.0,173.0,134.0,48.0,36.0,56.0,52.0,42.0,71.0,77.0,55.0,68.0,2.9,45.0,61.0,40.0,False
2025-09-05,90456.0,121291.0,2.0,4.0,3.0,12.0,28.0,7.8,3.4,35.0,28.0,32.0,41.0,203.0,173.0,134.0,48.0,36.0,56.0,52.0,42.0,71.0,77.0,55.0,68.0,2.9,45.0,61.0,40.0,False
2025-09-06,90460.0,121303.0,2.0,4.0,3.0,12.0,28.0,7.8,3.4,35.0,28.0,32.0,41.0,203.0,173.0,134.0,48.0,36.0,56.0,52.0,42.0,71.0,77.0,55.0,68.0,2.9,45.0,61.0,40.0,False
2025-09-13,90555.0,121425.0,2.0,4.0,3.0,12.0,28.0,7.8,3.4,35.0,28.0,32.0,41.0,203.0,173.0,134.0,48.0,36.0,56.0,52.0,42.0,71.0,77.0,55.0,68.0,2.9,45.0,61.0,40.0,False
2025-09-17,90576.0,121456.0,2.0,4.0,3.0,12.0,26.0,8.2,3.7,25.0,27.0,46.0,38.0,208.0,180.0,134.0,54.0,40.0,66.0,52.0,40.0,71.0,78.0,56.0,78.0,7.4,50.0,74.0,32.0,False
2025-09-19,90610.0,121503.0,2.0,4.0,3.0,12.0,26.0,8.2,3.7,25.0,27.0,46.0,38.0,208.0,180.0,134.0,54.0,40.0,66.0,52.0,40.0,71.0,78.0,56.0,78.0,7.4,50.0,74.0,32.0,False
2025-09-20,90620.0,121517.0,2.0,4.0,3.0,12.0,26.0,8.2,3.7,25.0,27.0,46.0,38.0,208.0,180.0,134.0,54.0,40.0,66.0,52.0,40.0,71.0,78.0,56.0,78.0,7.4,50.0,74.0,32.0,False
2025-09-22,90629.0,121536.0,2.0,4.0,3.0,12.0,26.0,8.2,3.7,25.0,27.0,46.0,38.0,208.0,180.0,134.0,54.0,40.0,66.0,52.0,40.0,71.0,78.0,56.0,78.0,7.4,50.0,74.0,32.0,False
2025-09-23,90633.0,121545.0,2.0,4.0,3.0,12.0,26.0,8.2,3.7,25.0,27.0,46.0,38.0,208.0,180.0,134.0,54.0,40.0,66.0,52.0,40.0,71.0,78.0,56.0,78.0,7.4,50.0,74.0,32.0,False
2025-09-24,90648.0,121568.0,2.0,4.0,3.0,12.0,26.0,8.2,3.7,25.0,27.0,46.0,38.0,208.0,180.0,134.0,54.0,40.0,66.0,52.0,40.0,71.0,78.0,56.0,78.0,7.4,50.0,74.0,32.0,False
2025-09-26,90689.0,121615.0,2.0,4.0,3.0,12.0,26.0,8.2,3.7,25.0,27.0,46.0,38.0,208.0,180.0,134.0,54.0,40.0,66.0,52.0,40.0,71.0,78.0,56.0,78.0,7.4,50.0,74.0,32.0,False
2025-09-27,90705.0,121632.0,2.0,4.0,3.0,12.0,27.0,8.5,3.5,26.0,24.0,30.0,39.0,201.0,172.0,131.0,48.0,38.0,57.0,49.0,36.0,69.0,77.0,54.0,71.0,3.1,42.0,65.0,31.0,False
2025-09-29,90759.0,121687.0,2.0,4.0,3.0,12.0,27.0,8.5,3.5,26.0,24.0,30.0,39.0,201.0,172.0,131.0,48.0,38.0,57.0,49.0,36.0,69.0,77.0,54.0,71.0,3.1,42.0,65.0,31.0,False
2025-09-30,90779.0,121710.0,2.0,4.0,3.0,12.0,27.0,8.5,3.5,26.0,24.0,30.0,39.0,201.0,172.0,131.0,48.0,38.0,57.0,49.0,36.0,69.0,77.0,54.0,71.0,3.1,42.0,65.0,31.0,False
2025-10-01,90792.0,121730.0,2.0,4.0,3.0,12.0,27.0,8.5,3.5,26.0,24.0,30.0,39.0,201.0,172.0,131.0,48.0,38.0,57.0,49.0,36.0,69.0,77.0,54.0,71.0,3.1,42.0,65.0,31.0,False
2025-10-02,90807.0,121754.0,2.0,4.0,3.0,12.0,27.0,8.3,3.3,27.0,33.0,33.0,40.0,195.0,160.0,138.0,50.0,38.0,60.0,49.0,42.0,66.0,66.0,54.0,65.0,3.2,42.0,62.0,32.0,False
2025-10-03,90819.0,121775.0,2.0,4.0,3.0,12.0,27.0,8.3,3.3,27.0,33.0,33.0,40.0,195.0,160.0,138.0,50.0,38.0,60.0,49.0,42.0,66.0,66.0,54.0,65.0,3.2,42.0,62.0,32.0,False
2025-10-04,90832.0,121793.0,2.0,4.0,3.0,12.0,28.0,8.4,3.1,27.0,25.0,28.0,38.0,197.0,165.0,136.0,40.0,32.0,52.0,45.0,35.0,68.0,75.0,52.0,60.0,3.3,38.0,62.0,27.0,False
2025-10-06,90847.0,121810.0,2.0,4.0,3.0,12.0,28.0,8.4,3.1,27.0,25.0,28.0,38.0,197.0,165.0,136.0,40.0,32.0,52.0,45.0,35.0,68.0,75.0,52.0,60.0,3.3,38.0,62.0,27.0,False
2025-10-07,90849.0,121826.0,2.0,4.0,3.0,12.0,28.0,8.4,3.1,27.0,25.0,28.0,38.0,197.0,165.0,136.0,40.0,32.0,52.0,45.0,35.0,68.0,75.0,52.0,60.0,3.3,38.0,62.0,27.0,False
2025-10-09,90860.0,121856.0,2.0,4.0,3.0,12.0,27.0,8.3,3.7,27.0,26.0,33.0,37.0,197.0,169.0,129.0,44.0,36.0,50.0,47.0,35.0,68.0,72.0,52.0,61.0,3.5,39.0,59.0,28.0,False
2025-10-11,90879.0,121889.0,2.0,4.0,3.0,12.0,27.0,8.3,3.7,27.0,26.0,33.0,37.0,197.0,169.0,129.0,44.0,36.0,50.0,47.0,35.0,68.0,72.0,52.0,61.0,3.5,39.0,59.0,28.0,False
2025-10-13,90888.0,121904.0,2.0,4.0,3.0,12.0,27.0,8.3,3.7,27.0,26.0,33.0,37.0,197.0,169.0,129.0,44.0,36.0,50.0,47.0,35.0,68.0,72.0,52.0,61.0,3.5,39.0,59.0,28.0,False
2025-10-14,90904.0,121928.0,2.0,4.0,3.0,12.0,27.0,8.3,3.7,27.0,26.0,33.0,37.0,197.0,169.0,129.0,44.0,36.0,50.0,47.0,35.0,68.0,72.0,52.0,61.0,3.5,39.0,59.0,28.0,False
2025-10-15,90928.0,121952.0,2.0,4.0,3.0,12.0,28.0,8.2,3.9,27.0,31.0,38.0,46.0,206.0,182.0,136.0,58.0,44.0,66.0,54.0,43.0,72.0,80.0,58.0,73.0,3.2,50.0,76.0,32.0,False
2025-10-16,90928.0,121952.0,2.0,4.0,3.0,12.0,28.0,8.1,3.7,28.0,29.0,40.0,48.0,208.0,182.0,137.0,58.0,44.0,65.0,50.0,44.0,73.0,79.0,58.0,69.0,3.2,49.0,67.0,39.0,False
2025-10-17,90975.0,121999.0,2.0,4.0,3.0,12.0,26.0,8.1,3.9,25.0,29.0,38.0,46.0,208.0,180.0,131.0,58.0,44.0,63.0,53.0,43.0,72.0,79.0,58.0,70.0,3.3,47.0,67.0,32.0,False
2025-10-18,90993.0,122017.0,2.0,4.0,3.0,12.0,27.0,8.2,3.8,26.0,24.0,31.0,40.0,204.0,173.0,131.0,48.0,38.0,55.0,50.0,37.0,70.0,76.0,55.0,68.0,3.1,45.0,60.0,29.0,False
2025-10-20,91036.0,122070.0,2.0,4.0,3.0,12.0,27.0,8.2,3.8,26.0,24.0,31.0,40.0,204.0,173.0,131.0,48.0,38.0,55.0,50.0,37.0,70.0,76.0,55.0,68.0,3.1,45.0,60.0,29.0,False
2025-10-21,91062.0,122096.0,2.0,4.0,3.0,12.0,27.0,8.3,3.9,26.0,33.0,40.0,49.0,210.0,183.0,143.0,60.0,44.0,69.0,52.0,43.0,73.0,79.0,59.0,77.0,3.8,46.0,64.0,33.0,False
2025-10-23,91109.0,122143.0,2.0,4.0,3.0,12.0,27.0,8.3,3.9,26.0,33.0,40.0,49.0,210.0,183.0,143.0,60.0,44.0,69.0,52.0,43.0,73.0,79.0,59.0,77.0,3.8,46.0,64.0,33.0,False
2025-10-25,91150.0,122184.0,2.0,4.0,3.0,12.0,27.0,8.3,3.9,26.0,33.0,40.0,49.0,210.0,183.0,143.0,60.0,44.0,69.0,52.0,43.0,73.0,79.0,59.0,77.0,3.8,46.0,64.0,33.0,False
2025-10-27,91197.0,122239.0,2.0,4.0,3.0,12.0,27.0,8.3,3.8,26.0,30.0,42.0,50.0,210.0,185.0,140.0,58.0,44.0,69.0,52.0,41.0,73.0,79.0,58.0,70.0,3.8,46.0,62.0,38.0,False
2025-10-28,91220.0,122262.0,2.0,4.0,3.0,12.0,28.0,8.5,3.8,26.0,31.0,41.0,50.0,210.0,187.0,143.0,58.0,44.0,68.0,52.0,43.0,73.0,79.0,59.0,2.0,3.8,45.0,64.0,32.0,False
2025-10-29,91244.0,122286.0,2.0,4.0,3.0,2.0,27.0,8.5,3.8,26.0,29.0,37.0,45.0,208.0,180.0,138.0,56.0,42.0,57.0,50.0,38.0,72.0,78.0,59.0,71.0,3.6,44.0,62.0,32.0,False
2025-10-30,91268.0,122310.0,2.0,4.0,3.0,12.0,27.0,8.3,3.8,26.0,30.0,38.0,46.0,212.0,183.0,138.0,56.0,44.0,66.0,53.0,42.0,73.0,79.0,58.0,73.0,4.0,47.0,60.0,33.0,False
2025-10-31,91291.0,122310.0,2.0,4.0,3.0,12.0,27.0,8.1,3.6,28.0,29.0,40.0,48.0,208.0,184.0,139.0,46.0,42.0,65.0,50.0,39.0,72.0,78.0,58.0,68.0,3.8,40.0,60.0,34.0,False
2025-11-01,91311.0,122333.0,2.0,4.0,3.0,12.0,27.0,8.2,3.7,28.0,23.0,32.0,40.0,201.0,174.0,131.0,48.0,36.0,50.0,45.0,34.0,70.0,77.0,50.0,57.0,3.4,37.0,53.0,30.0,False
2025-11-03,91365.0,122407.0,2.0,4.0,3.0,12.0,27.0,8.3,3.7,27.0,26.0,38.0,46.0,212.0,182.0,135.0,54.0,40.0,54.0,49.0,38.0,72.0,78.0,56.0,72.0,3.8,40.0,60.0,31.0,False
2025-11-04,91388.0,122430.0,2.0,4.0,3.0,12.0,27.0,8.4,3.8,27.0,27.0,39.0,48.0,210.0,186.0,139.0,56.0,44.0,53.0,46.0,36.0,72.0,78.0,56.0,69.0,3.9,40.0,58.0,31.0,False
2025-11-05,91412.0,122454.0,2.0,4.0,3.0,12.0,27.0,8.1,3.8,26.0,29.0,39.0,47.0,209.0,185.0,141.0,58.0,44.0,56.0,49.0,38.0,73.0,79.0,57.0,72.0,3.8,44.0,61.0,32.0,False
2025-11-06,91436.0,122478.0,2.0,4.0,3.0,12.0,28.0,8.2,3.7,27.0,30.0,38.0,47.0,211.0,186.0,141.0,58.0,44.0,61.0,49.0,39.0,73.0,79.0,57.0,71.0,7.7,44.0,62.0,32.0,False
2025-11-10,91527.0,122569.0,2.0,4.0,3.0,12.0,28.0,8.2,3.7,27.0,30.0,38.0,47.0,211.0,186.0,141.0,58.0,44.0,61.0,49.0,39.0,73.0,79.0,57.0,71.0,7.7,44.0,62.0,32.0,False
2025-11-11,91551.0,122593.0,2.0,4.0,3.0,12.0,27.0,8.2,3.6,26.0,26.0,39.0,47.0,209.0,185.0,141.0,56.0,42.0,54.0,47.0,36.0,72.0,79.0,57.0,72.0,3.8,44.0,67.0,32.0,False
2025-11-13,91598.0,122641.0,2.0,4.0,3.0,12.0,27.0,8.1,3.8,28.0,28.0,40.0,49.0,213.0,188.0,142.0,58.0,44.0,56.0,48.0,38.0,70.0,80.0,48.0,67.0,3.5,41.0,58.0,36.0,False
2025-11-14,91623.0,122665.0,2.0,4.0,3.0,12.0,27.0,8.1,3.7,28.0,30.0,42.0,50.0,213.0,190.0,146.0,48.0,46.0,59.0,49.0,40.0,74.0,81.0,52.0,66.0,3.6,42.0,59.0,37.0,False
2025-11-15,91641.0,122683.0,2.0,4.0,3.0,12.0,27.0,8.3,3.7,28.0,21.0,30.0,38.0,204.0,172.0,128.0,48.0,34.0,45.0,43.0,30.0,69.0,76.0,58.0,59.0,3.5,35.0,52.0,30.0,False
2025-11-18,91718.0,122760.0,2.0,4.0,3.0,12.0,28.0,8.4,3.7,27.0,27.0,42.0,50.0,213.0,188.0,144.0,58.0,44.0,58.0,48.0,38.0,73.0,79.0,59.0,72.0,3.5,42.0,66.0,33.0,False
2025-11-19,91742.0,122784.0,2.0,4.0,3.0,12.0,28.0,8.4,3.8,28.0,27.0,41.0,49.0,218.0,190.0,148.0,60.0,44.0,58.0,49.0,38.0,73.0,80.0,60.0,70.0,3.5,40.0,61.0,32.0,False
2025-11-20,91768.0,122810.0,2.0,4.0,3.0,12.0,28.0,8.4,3.8,28.0,27.0,41.0,49.0,218.0,190.0,148.0,60.0,44.0,58.0,49.0,38.0,73.0,80.0,60.0,70.0,3.5,40.0,61.0,32.0,False
2025-11-21,91792.0,122834.0,2.0,4.0,3.0,12.0,28.0,8.4,3.8,28.0,27.0,41.0,49.0,218.0,190.0,148.0,60.0,44.0,58.0,49.0,38.0,73.0,80.0,60.0,70.0,3.5,40.0,61.0,32.0,False
2025-11-22,91809.0,122851.0,2.0,4.0,3.0,12.0,27.0,8.2,3.9,26.0,19.0,32.0,41.0,207.0,178.0,137.0,50.0,38.0,46.0,43.0,30.0,70.0,76.0,54.0,65.0,3.5,36.0,56.0,28.0,False
2025-11-27,91926.0,122969.0,2.0,4.0,3.0,12.0,27.0,8.0,3.7,28.0,28.0,38.0,47.0,217.0,185.0,147.0,56.0,42.0,54.0,46.0,38.0,71.0,80.0,59.0,65.0,3.3,40.0,59.0,36.0,False
2025-11-29,91960.0,123003.0,2.0,4.0,3.0,12.0,27.0,8.1,3.8,27.0,19.0,29.0,38.0,207.0,173.0,135.0,48.0,34.0,46.0,42.0,30.0,67.0,78.0,54.0,61.0,3.2,34.0,53.0,25.0,False
2025-12-01,92013.0,123056.0,2.0,4.0,3.0,12.0,28.0,8.1,3.7,28.0,25.0,38.0,46.0,216.0,184.0,144.0,56.0,40.0,53.0,46.0,35.0,71.0,80.0,58.0,69.0,3.5,40.0,57.0,30.0,False
2025-12-02,92037.0,123080.0,2.0,4.0,3.0,12.0,28.0,8.2,3.7,26.0,24.0,41.0,49.0,219.0,188.0,148.0,58.0,44.0,57.0,48.0,36.0,71.0,80.0,59.0,71.0,3.3,41.0,59.0,33.0,False
2025-12-04,92083.0,123126.0,2.0,4.0,3.0,12.0,27.0,8.1,3.7,26.0,32.0,43.0,52.0,225.0,192.0,152.0,60.0,48.0,64.0,54.0,43.0,73.0,81.0,61.0,79.0,3.6,48.0,67.0,35.0,False
2025-12-05,92103.0,123147.0,2.0,4.0,3.0,12.0,27.0,8.2,3.7,27.0,31.0,42.0,50.0,223.0,189.0,149.0,58.0,44.0,62.0,52.0,44.0,72.0,80.0,60.0,77.0,3.8,47.0,65.0,34.0,False
2025-12-06,92114.0,123165.0,2.0,4.0,3.0,12.0,27.0,8.2,3.7,27.0,31.0,42.0,50.0,223.0,189.0,149.0,58.0,44.0,62.0,52.0,44.0,72.0,80.0,60.0,77.0,3.8,47.0,65.0,34.0,False
2025-12-08,92138.0,123252.0,2.0,4.0,3.0,12.0,27.0,8.2,3.7,27.0,31.0,42.0,50.0,223.0,189.0,149.0,58.0,44.0,62.0,52.0,44.0,72.0,80.0,60.0,77.0,3.8,47.0,65.0,34.0,False
2025-12-09,92160.0,123225.0,2.0,4.0,3.0,12.0,27.0,8.2,3.7,27.0,25.0,38.0,45.0,213.0,181.0,142.0,56.0,40.0,55.0,46.0,35.0,70.0,76.0,58.0,68.0,4.1,40.0,54.0,31.0,False
2025-12-10,92183.0,123249.0,2.0,4.0,3.0,12.0,27.0,8.0,3.6,28.0,29.0,42.0,50.0,220.0,188.0,146.0,60.0,44.0,60.0,50.0,41.0,72.0,80.0,60.0,73.0,3.5,45.0,63.0,32.0,False
2025-12-11,92199.0,123268.0,2.0,4.0,3.0,12.0,26.0,8.0,3.7,27.0,29.0,41.0,49.0,220.0,187.0,143.0,60.0,44.0,57.0,50.0,0.0,71.0,79.0,58.0,74.0,3.7,44.0,61.0,33.0,False
2025-12-13,92239.0,123310.0,2.0,4.0,3.0,12.0,27.0,8.1,3.8,26.0,21.0,28.0,36.0,198.0,165.0,131.0,44.0,32.0,46.0,41.0,31.0,67.0,71.0,58.0,58.0,3.4,32.0,45.0,25.0,False
2025-12-15,92265.0,123344.0,2.0,4.0,3.0,12.0,27.0,8.1,3.8,26.0,21.0,28.0,36.0,198.0,165.0,131.0,44.0,32.0,46.0,41.0,31.0,67.0,71.0,58.0,58.0,3.4,32.0,45.0,25.0,False
2025-12-16,92281.0,123366.0,2.0,4.0,3.0,12.0,27.0,8.1,3.8,26.0,21.0,28.0,36.0,198.0,165.0,131.0,44.0,32.0,46.0,41.0,31.0,67.0,71.0,58.0,58.0,3.4,32.0,45.0,25.0,False
2025-12-17,92302.0,123389.0,2.0,4.0,3.0,12.0,27.0,8.1,3.8,26.0,21.0,28.0,36.0,198.0,165.0,131.0,44.0,32.0,46.0,41.0,31.0,67.0,71.0,58.0,58.0,3.4,32.0,45.0,25.0,False
2025-12-18,92323.0,123413.0,2.0,4.0,3.0,12.0,27.0,8.2,3.7,26.0,26.0,31.0,38.0,205.0,168.0,133.0,50.0,36.0,49.0,90.0,37.0,76.0,70.0,56.0,68.0,3.4,39.0,65.0,30.0,False
2025-12-19,92335.0,123436.0,2.0,4.0,3.0,12.0,27.0,8.2,3.7,26.0,26.0,31.0,38.0,205.0,168.0,133.0,50.0,36.0,49.0,90.0,37.0,76.0,70.0,56.0,68.0,3.4,39.0,65.0,30.0,False
2025-12-20,92342.0,123451.0,2.0,4.0,3.0,12.0,27.0,8.2,3.7,26.0,26.0,31.0,38.0,205.0,168.0,133.0,50.0,36.0,49.0,90.0,37.0,76.0,70.0,56.0,68.0,3.4,39.0,65.0,30.0,False
2025-12-22,92353.0,123470.0,2.0,4.0,3.0,12.0,28.0,8.1,3.5,29.0,26.0,37.0,47.0,218.0,187.0,148.0,56.0,42.0,90.0,90.0,39.0,71.0,78.0,50.0,75.0,2.8,62.0,69.0,31.0,True
2025-12-23,92378.0,123495.0,2.0,4.0,3.0,12.0,27.0,8.0,3.8,27.0,29.0,42.0,50.0,221.0,188.0,146.0,58.0,44.0,62.0,90.0,43.0,72.0,80.0,58.0,79.0,3.7,58.0,69.0,36.0,False
2025-12-24,92396.0,123513.0,2.0,4.0,3.0,12.0,27.0,8.2,3.9,27.0,21.0,30.0,38.0,208.0,173.0,134.0,48.0,36.0,45.0,90.0,38.0,68.0,77.0,60.0,68.0,3.3,39.0,65.0,27.0,False
2025-12-26,92419.0,123537.0,2.0,4.0,3.0,12.0,27.0,8.3,3.8,32.0,27.0,37.0,47.0,218.0,184.0,142.0,56.0,44.0,76.0,83.0,44.0,71.0,79.0,58.0,75.0,4.6,67.0,65.0,27.0,False
2025-12-27,92437.0,123555.0,2.0,4.0,3.0,12.0,27.0,8.2,3.7,28.0,20.0,26.0,37.0,208.0,180.0,133.0,44.0,32.0,48.0,47.0,35.0,68.0,75.0,58.0,65.0,3.8,40.0,52.0,24.0,False
2025-12-29,92490.0,123608.0,2.0,4.0,3.0,12.0,28.0,8.1,3.5,27.0,26.0,41.0,49.0,221.0,188.0,150.0,58.0,44.0,55.0,58.0,44.0,72.0,80.0,60.0,72.0,3.6,47.0,64.0,33.0,False
2025-12-31,92533.0,123651.0,2.0,4.0,3.0,12.0,27.0,8.1,3.8,27.0,19.0,29.0,37.0,207.0,173.0,131.0,48.0,36.0,45.0,44.0,31.0,68.0,76.0,54.0,64.0,3.5,38.0,55.0,23.0,False
2026-01-02,92561.0,123680.0,2.0,4.0,3.0,12.0,28.0,8.0,3.7,28.0,30.0,41.0,49.0,208.0,173.0,131.0,58.0,44.0,51.0,54.0,40.0,68.0,76.0,55.0,74.0,5.7,46.0,60.0,33.0,False
2026-01-03,92579.0,123698.0,2.0,4.0,3.0,12.0,28.0,8.0,3.7,28.0,18.0,28.0,37.0,203.0,172.0,134.0,46.0,30.0,44.0,41.0,32.0,68.0,76.0,53.0,63.0,4.3,36.0,54.0,24.0,False
2026-01-05,92619.0,123742.0,2.0,4.0,3.0,12.0,27.0,8.3,3.8,27.0,27.0,41.0,49.0,219.0,188.0,148.0,58.0,42.0,52.0,60.0,38.0,72.0,79.0,57.0,74.0,4.6,48.0,61.0,32.0,False
2026-01-06,92645.0,123768.0,2.0,4.0,3.0,12.0,28.0,8.1,3.8,28.0,28.0,42.0,51.0,220.0,190.0,152.0,58.0,42.0,53.0,60.0,38.0,71.0,79.0,58.0,72.0,4.4,48.0,61.0,30.0,False
2026-01-07,92647.0,123776.0,2.0,4.0,3.0,12.0,28.0,8.1,3.8,28.0,28.0,42.0,51.0,220.0,190.0,152.0,58.0,42.0,53.0,60.0,38.0,71.0,79.0,58.0,72.0,4.4,48.0,61.0,30.0,False
2026-01-08,92651.0,123788.0,2.0,4.0,3.0,12.0,28.0,8.1,3.8,28.0,28.0,42.0,51.0,220.0,190.0,152.0,58.0,42.0,53.0,60.0,38.0,71.0,79.0,58.0,72.0,4.4,48.0,61.0,30.0,False
2026-01-09,92651.0,123791.0,2.0,4.0,3.0,12.0,28.0,8.1,3.8,28.0,28.0,42.0,51.0,220.0,190.0,152.0,58.0,42.0,53.0,60.0,38.0,71.0,79.0,58.0,72.0,4.4,48.0,61.0,30.0,False
2026-01-10,92655.0,123800.0,2.0,4.0,3.0,12.0,28.0,8.1,3.8,28.0,28.0,42.0,51.0,220.0,190.0,152.0,58.0,42.0,53.0,60.0,38.0,71.0,79.0,58.0,72.0,4.4,48.0,61.0,30.0,False
2026-01-12,92655.0,123801.0,2.0,4.0,3.0,12.0,28.0,8.1,3.8,28.0,28.0,42.0,51.0,220.0,190.0,152.0,58.0,42.0,53.0,60.0,38.0,71.0,79.0,58.0,72.0,4.4,48.0,61.0,30.0,False
2026-01-13,92660.0,123813.0,2.0,4.0,3.0,12.0,28.0,8.1,3.8,28.0,28.0,42.0,51.0,220.0,190.0,152.0,58.0,42.0,53.0,60.0,38.0,71.0,79.0,58.0,72.0,4.4,48.0,61.0,30.0,False
2026-01-14,92661.0,123818.0,2.0,4.0,3.0,12.0,28.0,8.1,3.8,28.0,28.0,42.0,51.0,220.0,190.0,152.0,58.0,42.0,53.0,60.0,38.0,71.0,79.0,58.0,72.0,4.4,48.0,61.0,30.0,False
2026-01-15,92664.0,123823.0,2.0,4.0,3.0,12.0,28.0,8.1,3.8,28.0,28.0,42.0,51.0,220.0,190.0,152.0,58.0,42.0,53.0,60.0,38.0,71.0,79.0,58.0,72.0,4.4,48.0,61.0,30.0,False
2026-01-16,92670.0,123834.0,2.0,4.0,3.0,12.0,28.0,8.1,3.8,28.0,28.0,42.0,51.0,220.0,190.0,152.0,58.0,42.0,53.0,60.0,38.0,71.0,79.0,58.0,72.0,4.4,48.0,61.0,30.0,False
2026-01-17,92671.0,123836.0,2.0,4.0,3.0,12.0,28.0,8.1,3.8,28.0,28.0,42.0,51.0,220.0,190.0,152.0,58.0,42.0,53.0,60.0,38.0,71.0,79.0,58.0,72.0,4.4,48.0,61.0,30.0,False
2026-01-19,92678.0,123860.0,2.0,4.0,3.0,12.0,28.0,8.1,3.8,28.0,28.0,42.0,51.0,220.0,190.0,152.0,58.0,42.0,53.0,60.0,38.0,71.0,79.0,58.0,72.0,4.4,48.0,61.0,30.0,False
2026-01-20,92681.0,123873.0,2.0,4.0,3.0,12.0,28.0,8.1,3.8,28.0,28.0,42.0,51.0,220.0,190.0,152.0,58.0,42.0,53.0,60.0,38.0,71.0,79.0,58.0,72.0,4.4,48.0,61.0,30.0,False
2026-01-21,92690.0,123892.0,2.0,4.0,3.0,12.0,27.0,8.0,3.4,27.0,23.0,29.0,32.0,204.0,177.0,137.0,54.0,38.0,50.0,51.0,35.0,79.0,81.0,69.0,63.0,4.4,38.0,51.0,30.0,False
2026-01-22,92691.0,123898.0,2.0,4.0,3.0,12.0,27.0,8.0,3.4,27.0,23.0,29.0,32.0,204.0,177.0,137.0,54.0,38.0,50.0,51.0,35.0,79.0,81.0,69.0,63.0,4.4,38.0,51.0,30.0,False
2026-01-23,92692.0,123901.0,2.0,4.0,3.0,12.0,27.0,8.0,3.4,27.0,23.0,29.0,32.0,204.0,177.0,137.0,54.0,38.0,50.0,51.0,35.0,79.0,81.0,69.0,63.0,4.4,38.0,51.0,30.0,False
2026-01-26,92694.0,123910.0,2.0,4.0,3.0,12.0,27.0,8.0,3.4,27.0,23.0,29.0,32.0,204.0,177.0,137.0,54.0,38.0,50.0,51.0,35.0,79.0,81.0,69.0,63.0,4.4,38.0,51.0,30.0,False
2026-01-27,92964.0,123910.0,2.0,4.0,3.0,12.0,27.0,8.0,3.4,27.0,23.0,29.0,32.0,204.0,177.0,137.0,54.0,38.0,50.0,51.0,35.0,79.0,81.0,69.0,63.0,4.4,38.0,51.0,30.0,False
2026-01-28,92708.0,123939.0,2.0,4.0,3.0,12.0,27.0,8.0,3.4,27.0,23.0,29.0,32.0,204.0,177.0,137.0,54.0,38.0,50.0,51.0,35.0,79.0,81.0,69.0,63.0,4.4,38.0,51.0,30.0,False
2026-01-29,92714.0,123946.0,2.0,4.0,3.0,12.0,28.0,8.1,3.7,28.0,30.0,40.0,48.0,214.0,184.0,147.0,58.0,42.0,66.0,62.0,44.0,70.0,75.0,59.0,70.0,4.8,46.0,65.0,32.0,False
2026-01-30,92721.0,123957.0,2.0,4.0,3.0,12.0,27.0,8.2,3.7,27.0,32.0,31.0,43.0,191.0,157.0,135.0,58.0,42.0,60.0,60.0,45.0,66.0,67.0,59.0,77.0,3.7,49.0,64.0,36.0,False
2026-01-31,92722.0,123962.0,2.0,4.0,3.0,12.0,27.0,8.2,3.7,27.0,32.0,31.0,43.0,191.0,157.0,135.0,58.0,42.0,60.0,60.0,45.0,66.0,67.0,59.0,77.0,3.7,49.0,64.0,36.0,False
2026-02-03,92723.0,123966.0,2.0,4.0,3.0,12.0,27.0,8.2,3.7,27.0,32.0,31.0,43.0,191.0,157.0,135.0,58.0,42.0,60.0,60.0,45.0,66.0,67.0,59.0,77.0,3.7,49.0,64.0,36.0,False
2026-02-04,9729.0,123973.0,2.0,4.0,3.0,12.0,27.0,8.2,3.7,27.0,32.0,31.0,43.0,191.0,157.0,135.0,58.0,42.0,60.0,60.0,45.0,66.0,67.0,59.0,77.0,3.7,49.0,64.0,36.0,False
2026-02-05,92753.0,123997.0,2.0,4.0,3.0,12.0,28.0,8.0,3.8,27.0,26.0,39.0,47.0,220.0,186.0,144.0,58.0,42.0,55.0,55.0,38.0,69.0,78.0,58.0,73.0,3.4,47.0,64.0,33.0,False
2026-02-06,92776.0,123997.0,2.0,4.0,3.0,12.0,27.0,8.0,3.9,26.0,30.0,41.0,49.0,222.0,187.0,145.0,56.0,42.0,58.0,53.0,41.0,70.0,79.0,57.0,72.0,3.2,46.0,66.0,32.0,False
2026-02-07,92795.0,124039.0,2.0,4.0,3.0,12.0,28.0,8.0,3.6,28.0,18.0,27.0,36.0,207.0,173.0,132.0,44.0,30.0,43.0,42.0,30.0,66.0,74.0,57.0,62.0,3.0,38.0,52.0,22.0,False
2026-02-13,92846.0,124091.0,2.0,4.0,3.0,12.0,27.0,8.0,3.7,27.0,30.0,42.0,49.0,216.0,183.0,148.0,58.0,44.0,50.0,52.0,43.0,74.0,77.0,64.0,68.0,8.0,44.0,60.0,33.0,False
2026-02-14,92864.0,124109.0,2.0,4.0,3.0,12.0,28.0,7.8,3.5,27.0,22.0,30.0,40.0,211.0,177.0,137.0,48.0,36.0,47.0,50.0,40.0,62.0,75.0,52.0,69.0,3.8,42.0,57.0,27.0,False
2026-02-16,92876.0,124121.0,2.0,4.0,3.0,12.0,28.0,7.8,3.5,27.0,22.0,30.0,40.0,211.0,177.0,137.0,48.0,36.0,47.0,50.0,40.0,62.0,75.0,52.0,69.0,3.8,42.0,57.0,27.0,False
2026-02-17,92899.0,124144.0,2.0,4.0,3.0,12.0,28.0,7.8,3.5,27.0,22.0,30.0,40.0,211.0,177.0,137.0,48.0,36.0,47.0,50.0,40.0,62.0,75.0,52.0,69.0,3.8,42.0,57.0,27.0,False
2026-02-18,92905.0,124158.0,2.0,4.0,3.0,12.0,28.0,7.8,3.5,27.0,22.0,30.0,40.0,211.0,177.0,137.0,48.0,36.0,47.0,50.0,40.0,62.0,75.0,52.0,69.0,3.8,42.0,57.0,27.0,False
2026-02-19,92919.0,124170.0,2.0,4.0,3.0,12.0,28.0,7.8,3.5,27.0,22.0,30.0,40.0,211.0,177.0,137.0,48.0,36.0,47.0,50.0,40.0,62.0,75.0,52.0,69.0,3.8,42.0,57.0,27.0,False
2026-02-20,92935.0,124202.0,2.0,4.0,3.0,12.0,28.0,7.8,3.5,27.0,22.0,30.0,40.0,211.0,177.0,137.0,48.0,36.0,47.0,50.0,40.0,62.0,75.0,52.0,69.0,3.8,42.0,57.0,27.0,False
2026-02-21,92941.0,124216.0,2.0,4.0,3.0,12.0,28.0,7.8,3.5,27.0,22.0,30.0,40.0,211.0,177.0,137.0,48.0,36.0,47.0,50.0,40.0,62.0,75.0,52.0,69.0,3.8,42.0,57.0,27.0,False
2026-02-23,92943.0,124226.0,2.0,4.0,3.0,12.0,28.0,7.8,3.5,27.0,22.0,30.0,40.0,211.0,177.0,137.0,48.0,36.0,47.0,50.0,40.0,62.0,75.0,52.0,69.0,3.8,42.0,57.0,27.0,False
2026-02-24,92945.0,124237.0,2.0,4.0,3.0,12.0,28.0,7.8,3.5,27.0,22.0,30.0,40.0,211.0,177.0,137.0,48.0,36.0,47.0,50.0,40.0,62.0,75.0,52.0,69.0,3.8,42.0,57.0,27.0,False
2026-02-25,92952.0,124254.0,2.0,4.0,3.0,12.0,25.0,8.0,2.7,23.0,28.0,35.0,45.0,198.0,145.0,134.0,58.0,40.0,44.0,57.0,42.0,69.0,71.0,48.0,61.0,3.5,40.0,43.0,30.0,True
2026-02-26,92972.0,124277.0,2.0,4.0,3.0,12.0,25.0,8.0,2.7,23.0,28.0,35.0,45.0,198.0,145.0,134.0,58.0,40.0,44.0,57.0,42.0,69.0,71.0,48.0,61.0,3.5,40.0,43.0,30.0,True
2026-02-28,92998.0,124320.0,2.0,4.0,3.0,12.0,25.0,8.0,2.7,23.0,28.0,35.0,45.0,198.0,145.0,134.0,58.0,40.0,44.0,57.0,42.0,69.0,71.0,48.0,61.0,3.5,40.0,43.0,30.0,True
2026-03-02,93011.0,124341.0,2.0,4.0,3.0,12.0,25.0,8.0,2.7,23.0,28.0,35.0,45.0,198.0,145.0,134.0,58.0,40.0,44.0,57.0,42.0,69.0,71.0,48.0,61.0,3.5,40.0,43.0,30.0,True
2026-03-03,93018.0,124360.0,2.0,4.0,3.0,12.0,27.0,8.5,3.8,27.0,28.0,40.0,45.0,215.0,177.0,141.0,52.0,38.0,60.0,48.0,36.0,67.0,71.0,54.0,64.0,4.8,37.0,54.0,31.0,False
2026-03-04,93027.0,124382.0,2.0,4.0,3.0,12.0,27.0,8.5,3.8,27.0,28.0,40.0,45.0,215.0,177.0,141.0,52.0,38.0,60.0,48.0,36.0,67.0,71.0,54.0,64.0,4.8,37.0,54.0,31.0,False
2026-03-05,93040.0,124406.0,2.0,4.0,3.0,12.0,27.0,8.5,3.8,27.0,28.0,40.0,45.0,215.0,177.0,141.0,52.0,38.0,60.0,48.0,36.0,67.0,71.0,54.0,64.0,4.8,37.0,54.0,31.0,False
2026-03-06,93062.0,124431.0,2.0,4.0,3.0,12.0,27.0,8.0,4.0,25.0,29.0,39.0,47.0,220.0,183.0,147.0,56.0,38.0,56.0,48.0,37.0,69.0,77.0,56.0,68.0,3.5,40.0,57.0,32.0,False
2026-03-07,93078.0,124449.0,2.0,4.0,3.0,12.0,27.0,8.0,3.6,25.0,21.0,28.0,36.0,214.0,170.0,134.0,44.0,32.0,47.0,40.0,28.0,66.0,75.0,56.0,63.0,3.2,33.0,49.0,25.0,False
2026-03-12,93113.0,124503.0,2.0,4.0,3.0,12.0,27.0,8.0,3.6,25.0,21.0,28.0,36.0,214.0,170.0,134.0,44.0,32.0,47.0,40.0,28.0,66.0,75.0,56.0,63.0,3.2,33.0,49.0,25.0,False
2026-03-13,93129.0,124528.0,2.0,4.0,3.0,12.0,27.0,8.0,3.6,25.0,21.0,28.0,36.0,214.0,170.0,134.0,44.0,32.0,47.0,40.0,28.0,66.0,75.0,56.0,63.0,3.2,33.0,49.0,25.0,False
2026-03-14,93145.0,124546.0,2.0,4.0,3.0,12.0,27.0,8.0,3.6,25.0,21.0,28.0,36.0,214.0,170.0,134.0,44.0,32.0,47.0,40.0,28.0,66.0,75.0,56.0,63.0,3.2,33.0,49.0,25.0,False
2026-03-19,93229.0,124669.0,2.0,4.0,3.0,12.0,27.0,8.0,3.6,25.0,21.0,28.0,36.0,214.0,170.0,134.0,44.0,32.0,47.0,40.0,28.0,66.0,75.0,56.0,63.0,3.2,33.0,49.0,25.0,False
2026-03-20,93245.0,124693.0,2.0,4.0,3.0,12.0,27.0,8.0,3.6,25.0,21.0,28.0,36.0,214.0,170.0,134.0,44.0,32.0,47.0,40.0,28.0,66.0,75.0,56.0,63.0,3.2,33.0,49.0,25.0,False
2026-03-21,93257.0,124712.0,2.0,4.0,3.0,12.0,27.0,8.0,3.6,25.0,21.0,28.0,36.0,214.0,170.0,134.0,44.0,32.0,47.0,40.0,28.0,66.0,75.0,56.0,63.0,3.2,33.0,49.0,25.0,False
2026-03-26,93297.0,124794.0,2.0,4.0,3.0,12.0,27.0,8.0,3.5,27.0,29.0,32.0,38.0,177.0,141.0,125.0,40.0,32.0,47.0,44.0,35.0,61.0,60.0,54.0,55.0,5.0,36.0,49.0,31.0,False
2026-03-27,93298.0,124794.0,2.0,4.0,3.0,12.0,27.0,8.0,3.5,27.0,29.0,32.0,38.0,177.0,141.0,125.0,40.0,32.0,47.0,44.0,35.0,61.0,60.0,54.0,55.0,5.0,36.0,49.0,31.0,False
2026-03-28,93306.0,124798.0,2.0,4.0,3.0,12.0,27.0,8.0,3.5,27.0,29.0,32.0,38.0,177.0,141.0,125.0,40.0,32.0,47.0,44.0,35.0,61.0,60.0,54.0,55.0,5.0,36.0,49.0,31.0,False
2026-03-30,93314.0,124835.0,2.0,4.0,3.0,12.0,27.0,8.0,3.5,27.0,29.0,32.0,38.0,177.0,141.0,125.0,40.0,32.0,47.0,44.0,35.0,61.0,60.0,54.0,55.0,5.0,36.0,49.0,31.0,False
2026-03-31,93315.0,124838.0,2.0,4.0,3.0,12.0,27.0,8.0,3.5,27.0,29.0,32.0,38.0,177.0,141.0,125.0,40.0,32.0,47.0,44.0,35.0,61.0,60.0,54.0,55.0,5.0,36.0,49.0,31.0,False
2026-04-01,93319.0,124848.0,2.0,4.0,3.0,12.0,27.0,8.0,3.5,27.0,29.0,32.0,38.0,177.0,141.0,125.0,40.0,32.0,47.0,44.0,35.0,61.0,60.0,54.0,55.0,5.0,36.0,49.0,31.0,False
2026-04-02,93322.0,124857.0,2.0,4.0,3.0,12.0,27.0,8.0,3.5,27.0,29.0,32.0,38.0,177.0,141.0,125.0,40.0,32.0,47.0,44.0,35.0,61.0,60.0,54.0,55.0,5.0,36.0,49.0,31.0,False
2026-04-06,93329.0,124887.0,2.0,4.0,3.0,12.0,27.0,8.0,3.5,27.0,29.0,32.0,38.0,177.0,141.0,125.0,40.0,32.0,47.0,44.0,35.0,61.0,60.0,54.0,55.0,5.0,36.0,49.0,31.0,False
2026-04-07,93332.0,124896.0,2.0,4.0,3.0,12.0,27.0,8.0,3.5,27.0,29.0,32.0,38.0,177.0,141.0,125.0,40.0,32.0,47.0,44.0,35.0,61.0,60.0,54.0,55.0,5.0,36.0,49.0,31.0,False
2026-04-08,93333.0,124896.0,2.0,4.0,3.0,12.0,27.0,8.0,3.5,27.0,29.0,32.0,38.0,177.0,141.0,125.0,40.0,32.0,47.0,44.0,35.0,61.0,60.0,54.0,55.0,5.0,36.0,49.0,31.0,False
2026-04-10,93338.0,124922.0,2.0,4.0,3.0,12.0,27.0,8.0,3.5,27.0,29.0,32.0,38.0,177.0,141.0,125.0,40.0,32.0,47.0,44.0,35.0,61.0,60.0,54.0,55.0,5.0,36.0,49.0,31.0,False
2026-04-11,93341.0,124934.0,2.0,4.0,3.0,12.0,27.0,8.0,3.5,27.0,29.0,32.0,38.0,177.0,141.0,125.0,40.0,32.0,47.0,44.0,35.0,61.0,60.0,54.0,55.0,5.0,36.0,49.0,31.0,False
2026-04-14,93365.0,124990.0,2.0,4.0,3.0,12.0,27.0,8.0,3.5,27.0,29.0,32.0,38.0,177.0,141.0,125.0,40.0,32.0,47.0,44.0,35.0,61.0,60.0,54.0,55.0,5.0,36.0,49.0,31.0,True
2026-04-16,93376.0,124016.0,2.0,4.0,3.0,12.0,28.0,8.2,3.9,26.0,27.0,40.0,48.0,222.0,178.0,151.0,50.0,40.0,48.0,50.0,36.0,67.0,72.0,54.0,60.0,4.3,38.0,50.0,32.0,False
2026-04-17,93379.0,125027.0,2.0,4.0,3.0,12.0,28.0,8.2,3.9,26.0,27.0,40.0,48.0,222.0,178.0,151.0,50.0,40.0,48.0,50.0,36.0,67.0,72.0,54.0,60.0,4.3,38.0,50.0,32.0,False
2026-04-18,93379.0,125030.0,2.0,4.0,3.0,12.0,28.0,8.2,3.9,26.0,27.0,40.0,48.0,222.0,178.0,151.0,50.0,40.0,48.0,50.0,36.0,67.0,72.0,54.0,60.0,4.3,38.0,50.0,32.0,False
2026-04-21,93428.0,125101.0,2.0,4.0,3.0,12.0,28.0,8.0,3.7,27.0,30.0,36.0,42.0,196.0,157.0,142.0,50.0,38.0,48.0,50.0,34.0,69.0,65.0,54.0,67.0,3.1,40.0,53.0,32.0,False
2026-04-24,93460.0,125160.0,2.0,4.0,3.0,12.0,28.0,8.0,3.8,26.0,28.0,37.0,42.0,214.0,169.0,146.0,50.0,40.0,46.0,48.0,35.0,66.0,65.0,53.0,57.0,3.2,36.0,48.0,32.0,False
2026-04-25,93461.0,125165.0,2.0,4.0,3.0,12.0,28.0,8.0,3.8,26.0,28.0,37.0,42.0,214.0,169.0,146.0,50.0,40.0,46.0,48.0,35.0,66.0,65.0,53.0,57.0,3.2,36.0,48.0,32.0,False
2026-04-30,93465.0,125189.0,2.0,4.0,3.0,12.0,28.0,8.0,3.8,26.0,28.0,37.0,42.0,214.0,169.0,146.0,50.0,40.0,46.0,48.0,35.0,66.0,65.0,53.0,57.0,3.2,36.0,48.0,32.0,False
2026-05-01,93465.0,125189.0,2.0,4.0,3.0,12.0,28.0,8.0,3.8,26.0,28.0,37.0,42.0,214.0,169.0,146.0,50.0,40.0,46.0,48.0,35.0,66.0,65.0,53.0,57.0,3.2,36.0,48.0,32.0,False
2026-05-02,93465.0,125190.0,2.0,4.0,3.0,12.0,28.0,8.0,3.8,26.0,28.0,37.0,42.0,214.0,169.0,146.0,50.0,40.0,46.0,48.0,35.0,66.0,65.0,53.0,57.0,3.2,36.0,48.0,32.0,False
2026-05-04,93465.0,125191.0,2.0,4.0,3.0,12.0,28.0,8.0,3.8,26.0,28.0,37.0,42.0,214.0,169.0,146.0,50.0,40.0,46.0,48.0,35.0,66.0,65.0,53.0,57.0,3.2,36.0,48.0,32.0,False
2026-05-06,93465.0,125192.0,2.0,4.0,3.0,12.0,28.0,8.0,3.8,26.0,28.0,37.0,42.0,214.0,169.0,146.0,50.0,40.0,46.0,48.0,35.0,66.0,65.0,53.0,57.0,3.2,36.0,48.0,32.0,False
2026-05-07,93465.0,125192.0,2.0,4.0,3.0,12.0,28.0,8.0,3.8,26.0,28.0,37.0,42.0,214.0,169.0,146.0,50.0,40.0,46.0,48.0,35.0,66.0,65.0,53.0,57.0,3.2,36.0,48.0,32.0,False
2026-05-08,93465.0,125193.0,2.0,4.0,3.0,12.0,28.0,8.0,3.8,26.0,28.0,37.0,42.0,214.0,169.0,146.0,50.0,40.0,46.0,48.0,35.0,66.0,65.0,53.0,57.0,3.2,36.0,48.0,32.0,False
2026-05-09,93465.0,125195.0,2.0,4.0,3.0,12.0,28.0,8.0,3.8,26.0,28.0,37.0,42.0,214.0,169.0,146.0,50.0,40.0,46.0,48.0,35.0,66.0,65.0,53.0,57.0,3.2,36.0,48.0,32.0,False
2026-05-11,93465.0,125195.0,2.0,4.0,3.0,12.0,28.0,8.0,3.8,26.0,28.0,37.0,42.0,214.0,169.0,146.0,50.0,40.0,46.0,48.0,35.0,66.0,65.0,53.0,57.0,3.2,36.0,48.0,32.0,False
2026-05-12,93465.0,125196.0,2.0,4.0,3.0,12.0,28.0,8.0,3.8,26.0,28.0,37.0,42.0,214.0,169.0,146.0,50.0,40.0,46.0,48.0,35.0,66.0,65.0,53.0,57.0,3.2,36.0,48.0,32.0,False
2026-05-13,93465.0,125196.0,2.0,4.0,3.0,12.0,28.0,8.0,3.8,26.0,28.0,37.0,42.0,214.0,169.0,146.0,50.0,40.0,46.0,48.0,35.0,66.0,65.0,53.0,57.0,3.2,36.0,48.0,32.0,False
2026-05-14,93465.0,125196.0,2.0,4.0,3.0,12.0,28.0,8.0,3.8,26.0,28.0,37.0,42.0,214.0,169.0,146.0,50.0,40.0,46.0,48.0,35.0,66.0,65.0,53.0,57.0,3.2,36.0,48.0,32.0,False
2026-05-15,93465.0,125196.0,2.0,4.0,3.0,12.0,28.0,8.0,3.8,26.0,28.0,37.0,42.0,214.0,169.0,146.0,50.0,40.0,46.0,48.0,35.0,66.0,65.0,53.0,57.0,3.2,36.0,48.0,32.0,False
2026-05-16,93470.0,125196.0,2.0,4.0,3.0,12.0,28.0,8.0,3.8,26.0,28.0,37.0,42.0,214.0,169.0,146.0,50.0,40.0,46.0,48.0,35.0,66.0,65.0,53.0,57.0,3.2,36.0,48.0,32.0,False
2026-05-18,93480.0,125233.0,2.0,4.0,3.0,12.0,28.0,8.0,3.8,26.0,28.0,37.0,42.0,214.0,169.0,146.0,50.0,40.0,46.0,48.0,35.0,66.0,65.0,53.0,57.0,3.2,36.0,48.0,32.0,False
2026-05-19,93485.0,125245.0,2.0,4.0,3.0,12.0,28.0,8.0,3.8,26.0,28.0,37.0,42.0,214.0,169.0,146.0,50.0,40.0,46.0,48.0,35.0,66.0,65.0,53.0,57.0,3.2,36.0,48.0,32.0,False
2026-05-20,93501.0,125269.0,2.0,4.0,3.0,12.0,26.0,8.0,3.8,37.0,32.0,40.0,47.0,228.0,178.0,145.0,52.0,40.0,25.0,32.0,50.0,68.0,72.0,55.0,64.0,3.6,41.0,54.0,51.0,True
2026-05-21,93511.0,125288.0,2.0,4.0,3.0,12.0,26.0,8.0,3.8,37.0,32.0,40.0,47.0,228.0,178.0,145.0,52.0,40.0,25.0,32.0,50.0,68.0,72.0,55.0,64.0,3.6,41.0,54.0,51.0,True
2026-05-22,93520.0,125309.0,2.0,4.0,3.0,12.0,26.0,8.0,3.8,37.0,32.0,40.0,47.0,228.0,178.0,145.0,52.0,40.0,25.0,32.0,50.0,68.0,72.0,55.0,64.0,3.6,41.0,54.0,51.0,False
2026-05-23,93522.0,125318.0,2.0,4.0,3.0,12.0,26.0,8.0,3.8,37.0,32.0,40.0,47.0,228.0,178.0,145.0,52.0,40.0,25.0,32.0,50.0,68.0,72.0,55.0,64.0,3.6,41.0,54.0,51.0,False
2026-05-25,93524.0,125318.0,2.0,4.0,3.0,12.0,26.0,8.0,3.8,37.0,32.0,40.0,47.0,228.0,178.0,145.0,52.0,40.0,25.0,32.0,50.0,68.0,72.0,55.0,64.0,3.6,41.0,54.0,51.0,False
2026-05-26,93529.0,125334.0,2.0,4.0,3.0,12.0,26.0,8.0,3.8,37.0,32.0,40.0,47.0,228.0,178.0,145.0,52.0,40.0,25.0,32.0,50.0,68.0,72.0,55.0,64.0,3.6,41.0,54.0,51.0,False
2026-05-27,93544.0,125371.0,2.0,4.0,3.0,12.0,26.0,8.0,3.8,37.0,32.0,40.0,47.0,228.0,178.0,145.0,52.0,40.0,25.0,32.0,50.0,68.0,72.0,55.0,64.0,3.6,41.0,54.0,51.0,True
2026-05-28,93558.0,125390.0,2.0,4.0,3.0,12.0,26.0,8.0,3.8,37.0,32.0,40.0,47.0,228.0,178.0,145.0,52.0,40.0,25.0,32.0,50.0,68.0,72.0,55.0,64.0,3.6,41.0,54.0,51.0,True
2026-05-29,93573.0,125413.0,2.0,4.0,3.0,12.0,26.0,7.9,3.9,27.0,29.0,41.0,48.0,229.0,179.0,147.0,48.0,42.0,47.0,49.0,36.0,68.0,73.0,56.0,66.0,3.1,40.0,55.0,34.0,False
2026-05-30,93585.0,125431.0,2.0,4.0,3.0,12.0,26.0,7.9,3.9,27.0,29.0,41.0,48.0,229.0,179.0,147.0,48.0,42.0,47.0,49.0,36.0,68.0,73.0,56.0,66.0,3.1,40.0,55.0,34.0,False
