Fecha,Caudalímetro 5,Consumo de energía sin restabecim. RTAE 5,Cto.1 Número de arranques del compresor,Cto.1 Presión del refrigerante del condensador,Cto.1 Presión del refrigerante del evaporador,Cto.1 Temperatura de saturación del refrigerante del condensador,Cto.1 Temperatura de saturación del refrigerante del evaporador,Cto.1 Tiempo de operación del compresor,Cto.2 Número de arranques del compresor,Cto.2 Presión del refrigerante del condensador,Cto.2 Presión del refrigerante del evaporador,Cto.2 Temperatura de saturación de refrigerante de evaporador,Cto.2 Temperatura de saturación de refrigerante del condensador,Cto.2 Tiempo de operación del compresor,Punto de ajuste activo de agua helada,Temperatura de entrada de agua,Temperatura de salida de agua,Temperatura del medio ambiente,iso_anomaly
2025-01-02,201.0,8403330.0,5358.0,1214.0,265.0,49.9,6.3,55247.0,4447.0,1376.0,273.0,7.0,54.6,51365.0,9.5,11.1,9.4,25.0,False
2025-01-03,200.0,8407123.0,5358.0,1389.0,264.0,55.0,6.3,55271.0,4448.0,1541.0,273.0,7.0,59.0,51389.0,9.5,11.8,9.5,23.0,False
2025-01-04,193.0,8410203.0,5358.0,738.0,282.0,33.0,7.6,55290.0,4448.0,842.0,298.0,8.5,37.2,51408.0,9.5,12.0,9.5,14.0,False
2025-01-06,198.0,8416091.0,5358.0,949.0,275.0,41.7,7.1,55344.0,4448.0,842.0,298.0,8.5,37.2,51408.0,9.5,11.0,9.4,20.0,False
2025-01-07,202.0,8419304.0,5359.0,1011.0,265.0,43.3,6.4,55368.0,4460.0,1151.0,273.0,7.0,47.9,51461.0,9.5,11.4,9.5,20.0,False
2025-01-08,200.0,8422406.0,5359.0,1194.0,264.0,49.4,6.3,55391.0,4461.0,1304.0,273.0,7.0,52.5,51483.0,9.5,11.9,9.5,21.0,False
2025-01-09,197.0,8426213.0,5359.0,1285.0,263.0,51.9,6.2,55414.0,4461.0,1388.0,271.0,6.8,54.9,51507.0,9.5,11.6,9.6,22.0,False
2025-01-10,188.0,8429559.0,5359.0,1046.0,268.0,44.6,6.6,55437.0,4461.0,1124.0,276.0,7.2,47.1,51530.0,9.5,11.7,9.4,20.0,False
2025-01-11,173.0,8432250.0,5359.0,896.0,274.0,39.1,7.0,55457.0,4461.0,1038.0,283.0,7.7,43.8,51550.0,9.5,12.5,9.4,17.0,False
2025-01-13,194.0,8438782.0,5359.0,1098.0,267.0,46.3,6.5,55509.0,4465.0,1261.0,275.0,7.1,51.3,51599.0,9.5,11.5,9.6,24.0,False
2025-01-14,202.0,8441995.0,5359.0,986.0,270.0,42.5,6.8,55535.0,4465.0,1121.0,279.0,7.4,47.0,51625.0,9.5,11.6,9.5,19.0,False
2025-01-15,202.0,8445103.0,5359.0,1207.0,261.0,49.7,6.1,55557.0,4465.0,1354.0,270.0,6.7,54.0,51647.0,9.5,11.3,9.5,26.0,False
2025-01-16,200.0,8448169.0,5359.0,1144.0,263.0,47.6,6.2,55581.0,4469.0,1270.0,271.0,6.8,51.4,51665.0,9.5,10.9,9.7,25.0,False
2025-01-17,199.0,8451217.0,5359.0,1209.0,261.0,49.8,7.8,55606.0,4470.0,1342.0,270.0,6.7,53.6,51689.0,9.5,11.5,9.5,23.0,False
2025-01-18,198.0,8453463.0,5359.0,630.0,289.0,28.2,8.2,55624.0,4470.0,697.0,297.0,8.8,31.2,51707.0,9.5,12.9,9.6,9.0,True
2025-01-20,200.0,0.0,5359.0,1045.0,270.0,44.6,6.7,55679.0,4472.0,1096.0,276.0,7.2,46.2,51755.0,9.5,11.0,9.4,19.6,False
2025-01-21,196.0,8464164.0,5359.0,1332.0,262.0,54.8,6.1,55702.0,4476.0,1524.0,271.0,6.8,58.5,51775.0,9.5,11.8,9.7,26.0,False
2025-01-22,200.0,8467837.0,5359.0,1373.0,264.0,54.4,6.2,55726.0,4476.0,1559.0,273.0,7.0,59.4,51799.0,9.5,11.9,9.7,25.0,False
2025-01-23,196.0,8471676.0,5359.0,1364.0,261.0,54.5,6.1,55750.0,4476.0,1544.0,271.0,6.8,59.1,51823.0,9.5,12.2,9.6,24.0,False
2025-01-24,184.0,8475957.0,5359.0,1526.0,264.0,59.0,6.3,55774.0,4476.0,1625.0,274.0,7.0,61.1,51847.0,9.5,12.4,10.0,24.0,False
2025-01-25,194.0,8479012.0,5359.0,677.0,284.0,30.4,7.8,55792.0,4476.0,771.0,293.0,8.5,34.4,51866.0,9.5,13.2,9.5,11.0,False
2025-01-30,197.0,8490118.0,5360.0,1539.0,261.0,58.7,6.1,55861.0,4483.0,1635.0,270.0,6.7,61.3,51924.0,9.5,11.8,9.5,23.0,False
2025-01-31,211.0,8495251.0,5360.0,1567.0,281.0,59.5,7.6,55885.0,4483.0,1711.0,292.0,8.4,63.2,51948.0,9.5,13.1,11.5,29.0,False
2025-02-01,194.0,8499008.0,5360.0,902.0,279.0,39.3,7.4,55904.0,4487.0,905.0,286.0,7.9,39.6,51967.0,9.5,12.1,9.5,15.0,False
2025-02-04,200.0,0.0,5360.0,1062.0,272.0,45.0,8.2,55983.0,4483.0,1079.0,279.0,8.1,46.0,52040.0,9.5,11.4,9.5,19.0,False
2025-02-05,228.0,0.0,5360.0,1440.0,272.0,56.0,6.9,56006.0,4487.0,1545.0,280.0,7.5,59.0,52070.0,9.5,12.2,10.2,21.0,False
2025-02-06,260.0,8523192.0,5361.0,1506.0,279.0,58.1,7.4,56030.0,4483.0,1624.0,280.0,8.0,61.1,52093.0,9.5,12.1,10.7,23.0,False
2025-02-07,251.0,8528001.0,5361.0,1608.0,273.0,60.1,7.0,56054.0,4483.0,1764.0,281.0,7.7,64.7,52117.0,9.5,11.5,10.6,27.0,False
2025-02-08,211.0,8532028.0,5361.0,1258.0,273.0,51.0,7.0,56071.0,4483.0,1390.0,282.0,7.6,55.0,52134.0,9.5,13.1,9.5,14.2,False
2025-02-11,244.0,8550132.0,5361.0,1658.0,283.0,61.0,7.7,56151.0,4483.0,1763.0,291.0,8.3,64.3,52214.0,9.5,12.3,11.1,25.0,False
2025-02-12,253.0,8556119.0,5361.0,1522.0,282.0,58.8,7.7,56175.0,4483.0,1670.0,290.0,8.3,62.3,52238.0,9.5,12.1,11.0,27.0,False
2025-02-13,195.0,8561149.0,5361.0,1799.0,291.0,65.1,8.3,56197.0,4483.0,1889.0,299.0,8.9,67.3,52260.0,9.5,13.3,12.0,30.0,True
2025-02-14,173.0,8566164.0,5361.0,1230.0,265.0,54.0,6.4,56221.0,4483.0,1295.0,274.0,7.0,52.3,52284.0,9.5,11.2,9.5,25.0,False
2025-02-15,191.0,8569543.0,5361.0,1107.0,275.0,46.5,7.1,56239.0,4483.0,1196.0,283.0,7.8,49.4,52302.0,9.5,12.9,9.5,15.0,False
2025-02-20,242.0,8585071.0,5365.0,1518.0,291.0,58.1,8.3,56331.0,4489.0,1665.0,297.0,8.7,61.9,52371.0,9.5,13.4,11.3,23.0,False
2025-02-21,238.0,8590677.0,5365.0,1465.0,280.0,57.0,7.5,56353.0,4489.0,1607.0,288.0,8.1,60.7,52394.0,9.5,12.9,10.6,22.0,False
2025-02-22,238.0,8594928.0,5365.0,953.0,282.0,41.3,7.6,56371.0,4489.0,1038.0,288.0,8.1,44.2,52412.0,9.5,12.5,9.5,10.0,False
2025-02-24,239.0,8607416.0,5365.0,1577.0,271.0,59.0,6.8,56427.0,4489.0,1705.0,278.0,7.3,63.0,52467.0,9.5,11.5,10.6,29.0,False
2025-02-25,238.0,8612637.0,5365.0,1592.0,289.0,60.0,8.2,56451.0,4489.0,1725.0,297.0,8.8,63.0,52491.0,9.5,13.0,11.8,27.0,False
2025-02-26,240.0,8619829.0,5365.0,1592.0,289.0,60.0,8.2,56451.0,4490.0,915.0,310.0,9.7,40.5,52530.0,9.5,12.6,10.7,23.0,True
2025-02-27,245.0,8621590.0,5367.0,1634.0,269.0,61.0,6.7,56477.0,4490.0,1758.0,277.0,7.3,64.0,52537.0,9.5,11.4,10.5,29.0,False
2025-02-28,258.0,8626548.0,5367.0,1599.0,275.0,60.3,7.1,56501.0,4490.0,1735.0,282.0,7.5,63.8,52561.0,9.5,11.5,10.5,28.0,False
2025-03-01,251.0,8630042.0,5367.0,1085.0,274.0,45.8,7.0,56578.0,4490.0,1178.0,280.0,7.5,48.6,52578.0,9.5,11.5,9.5,16.0,False
2025-03-03,241.0,8642447.0,5367.0,1753.0,272.0,63.0,7.0,56573.0,4490.0,1783.0,280.0,7.5,65.0,52634.0,9.5,11.4,10.5,27.0,False
2025-03-04,259.0,8648273.0,5367.0,1592.0,283.0,60.0,7.7,56598.0,4490.0,1695.0,290.0,8.2,62.0,52658.0,9.5,12.2,11.2,29.0,False
2025-03-05,251.0,8653106.0,5367.0,1756.0,288.0,64.0,8.0,56618.0,4490.0,1862.0,296.0,8.7,66.0,52678.0,9.5,12.6,11.3,28.0,False
2025-03-06,249.0,8659826.0,5367.0,1765.0,287.0,64.0,8.3,56644.0,4490.0,1819.0,295.0,8.6,65.0,52705.0,9.5,12.6,11.5,27.0,False
2025-03-07,251.0,8665380.0,5367.0,1765.0,287.0,64.0,8.3,56644.0,4491.0,1944.0,289.0,8.2,68.5,52728.0,9.5,14.3,12.6,28.0,True
2025-03-08,250.0,8668920.0,5368.0,1122.0,272.0,47.0,6.9,56686.0,4492.0,1284.0,280.0,7.5,51.0,52747.0,9.5,12.0,9.6,16.0,False
2025-03-10,131.0,8680537.0,5369.0,1545.0,254.0,59.0,5.6,56738.0,4492.0,1284.0,280.0,7.5,51.0,52747.0,8.5,11.4,10.1,27.0,False
2025-03-11,242.0,8684058.0,5370.0,1694.0,289.0,62.0,8.3,56762.0,4497.0,1753.0,299.0,8.9,64.0,52797.0,9.5,13.0,11.8,28.0,False
2025-03-12,234.0,8689349.0,5370.0,1566.0,270.0,60.0,6.8,56785.0,4497.0,1707.0,279.0,7.4,63.0,52820.0,9.5,11.7,11.0,29.0,False
2025-03-13,243.0,8694573.0,5370.0,1761.0,284.0,63.7,7.8,56809.0,4497.0,1935.0,294.0,8.4,67.8,52844.0,9.5,12.4,11.7,31.0,False
2025-03-14,243.0,8699576.0,5370.0,1596.0,276.0,60.0,7.2,56833.0,4497.0,1831.0,285.0,7.9,65.0,52868.0,9.5,11.8,11.3,33.0,False
2025-03-15,246.0,8703273.0,5370.0,1353.0,268.0,53.0,6.6,56851.0,4497.0,1472.0,276.0,7.6,57.0,52886.0,9.5,11.9,9.6,18.0,False
2025-03-18,200.0,8721440.0,5370.0,1560.0,288.0,59.2,8.0,56930.0,4497.0,1754.0,298.0,8.8,63.8,52965.0,9.5,13.6,12.1,30.0,False
2025-03-19,202.0,8727399.0,5370.0,1598.0,290.0,60.7,8.2,56954.0,4497.0,1840.0,303.0,9.2,66.5,52989.0,9.5,13.3,12.1,32.0,True
2025-03-20,202.0,8733192.0,5370.0,1500.0,289.0,57.8,8.2,56977.0,4497.0,1641.0,299.0,8.9,61.5,53011.0,9.5,13.7,11.9,28.0,False
2025-03-21,208.0,8739160.0,5370.0,1516.0,290.0,58.3,8.3,57001.0,4497.0,1739.0,301.0,9.1,63.0,53035.0,9.5,13.8,11.8,28.0,False
2025-03-22,201.0,8742569.0,5370.0,1516.0,290.0,58.3,8.3,57001.0,4497.0,1533.0,302.0,9.1,58.0,53053.0,9.5,14.1,11.8,16.0,True
2025-03-24,184.0,8752352.0,5373.0,1744.0,264.0,63.9,6.3,57032.0,4499.0,1455.0,267.0,6.5,56.7,53105.0,9.5,11.5,9.8,26.0,False
2025-03-25,208.0,8757081.0,5373.0,1429.0,275.0,56.1,7.2,57057.0,4499.0,1545.0,286.0,7.9,54.0,53130.0,9.0,13.0,10.8,26.0,False
2025-03-26,200.0,8763064.0,5373.0,1519.0,274.0,57.0,7.0,57080.0,4499.0,1612.0,283.0,7.8,60.0,53154.0,9.0,12.9,11.0,28.0,False
2025-03-27,195.0,8768701.0,5373.0,1690.0,275.0,63.0,7.3,57104.0,4499.0,1704.0,288.0,8.2,63.1,53200.0,9.0,13.0,11.3,28.0,False
2025-03-28,192.0,8774356.0,5373.0,1713.0,267.0,62.9,6.6,57129.0,4499.0,1776.0,279.0,7.5,64.8,53202.0,9.0,12.2,10.5,31.0,False
2025-03-29,209.0,8778001.0,5373.0,1186.0,265.0,49.2,6.3,57146.0,4499.0,1291.0,274.0,7.1,52.1,53220.0,9.0,12.6,9.2,16.0,False
2025-03-31,204.0,8790883.0,5373.0,1507.0,274.0,58.0,7.1,57202.0,4499.0,1680.0,286.0,8.0,62.5,53275.0,9.0,12.3,10.9,31.0,False
2025-04-01,202.0,8796196.0,5373.0,1529.0,274.0,60.6,7.1,57226.0,4499.0,1703.0,284.0,7.8,63.1,53299.0,9.0,12.2,11.2,31.0,False
2025-04-02,191.0,8801578.0,5373.0,1613.0,272.0,61.0,6.9,57250.0,4499.0,1701.0,282.0,7.5,62.8,53323.0,9.0,12.2,10.9,32.0,False
2025-04-03,195.0,8806505.0,5373.0,1687.0,270.0,63.1,6.7,57272.0,4499.0,1764.0,285.0,7.9,64.0,53345.0,9.0,12.4,11.1,30.0,False
2025-04-04,204.0,8812431.0,5373.0,1578.0,271.0,59.8,6.9,57297.0,4499.0,1698.0,281.0,7.6,62.7,53370.0,9.0,12.0,10.8,29.0,False
2025-04-05,210.0,8816521.0,5373.0,1293.0,261.0,52.1,6.1,57314.0,4499.0,1420.0,270.0,6.7,55.7,53387.0,9.0,12.4,9.2,18.0,False
2025-04-07,203.0,8830080.0,5373.0,1516.0,281.0,60.9,7.6,57370.0,4499.0,1748.0,293.0,8.4,64.0,53443.0,9.0,13.2,11.3,29.0,False
2025-04-08,190.0,8835200.0,5373.0,1504.0,265.0,57.0,6.3,57393.0,4499.0,1657.0,275.0,7.0,61.0,53466.0,9.0,12.0,9.9,26.0,False
2025-04-09,198.0,8840569.0,5373.0,1528.0,287.0,58.9,8.0,57418.0,4499.0,1648.0,294.0,8.5,61.7,53491.0,9.0,13.1,11.4,27.0,False
2025-04-10,188.0,8846310.0,5374.0,1487.0,263.0,57.0,6.3,57442.0,4500.0,1601.0,273.0,7.0,60.0,53515.0,9.0,12.2,10.0,25.0,False
2025-04-11,205.0,8851673.0,5374.0,1427.0,263.0,56.0,6.1,57466.0,4500.0,1531.0,271.0,6.9,58.8,53539.0,9.0,11.8,9.8,23.0,False
2025-04-12,196.0,8854927.0,5374.0,1100.0,268.0,46.3,6.6,57482.0,4500.0,1195.0,267.0,7.3,49.0,53555.0,9.0,12.5,9.2,15.0,False
2025-04-14,194.0,8867557.0,5374.0,1507.0,265.0,58.0,6.4,57538.0,4500.0,1621.0,275.0,7.1,61.0,53611.0,9.0,12.1,10.3,27.0,False
2025-04-15,192.0,8872934.0,5374.0,1510.0,271.0,58.1,6.8,57562.0,4500.0,1634.0,282.0,7.6,61.3,53635.0,9.0,12.5,10.6,25.0,False
2025-04-16,186.0,8878324.0,5374.0,1592.0,269.0,58.8,6.7,57586.0,4500.0,1669.0,279.0,7.4,62.0,53659.0,9.0,12.3,10.6,27.0,False
2025-04-17,206.0,8884453.0,5374.0,1757.0,302.0,64.4,9.2,57610.0,4500.0,1944.0,312.0,9.9,68.6,53683.0,9.0,14.1,12.6,33.0,True
2025-04-18,181.0,8888253.0,5374.0,1123.0,261.0,46.0,6.0,57628.0,4500.0,1168.0,269.0,6.7,48.5,53701.0,9.0,10.8,9.0,22.0,False
2025-04-19,190.0,8893159.0,5374.0,1225.0,262.0,50.0,6.1,57650.0,4500.0,1323.0,272.0,6.9,53.0,53723.0,9.0,11.9,9.2,19.0,False
2025-04-21,235.0,8904323.0,5375.0,1717.0,268.0,63.0,6.7,57702.0,4501.0,1758.0,277.0,7.3,64.0,53775.0,9.0,11.2,10.4,28.0,False
2025-04-22,190.0,8907583.0,5376.0,1351.0,253.0,53.0,5.4,57719.0,4502.0,1352.0,259.0,5.9,53.0,53792.0,9.0,9.5,8.9,26.0,False
2025-04-24,203.0,8918619.0,5376.0,1672.0,263.0,61.0,6.2,57769.0,4503.0,1659.0,271.0,6.8,62.0,53840.0,8.5,11.4,10.1,30.0,False
2025-04-25,210.0,8923441.0,5377.0,1546.0,258.0,59.0,5.8,57787.0,4503.0,1601.0,267.0,6.5,60.0,53864.0,9.0,11.1,9.7,30.0,False
2025-04-26,223.0,8927080.0,5377.0,1325.0,267.0,53.0,6.5,57803.0,4503.0,1516.0,278.0,7.3,58.0,53880.0,9.0,12.3,9.6,23.0,False
2025-04-28,216.0,8939302.0,5377.0,1682.0,275.0,62.0,7.1,57859.0,4504.0,1698.0,285.0,7.9,62.0,53935.0,9.0,12.3,11.1,30.0,False
2025-04-29,199.0,8943536.0,5377.0,1460.0,256.0,56.0,5.7,57882.0,4504.0,1508.0,265.0,6.4,58.0,53958.0,9.0,11.3,9.4,26.0,False
2025-05-02,220.0,8959681.0,5377.0,1659.0,269.0,61.7,6.7,57954.0,4504.0,1668.0,279.0,7.4,62.0,54031.0,9.0,11.7,10.4,28.0,False
2025-05-03,222.0,8964105.0,5377.0,1433.0,277.0,56.1,7.3,57972.0,4504.0,1488.0,286.0,7.9,57.0,54098.0,9.0,12.8,10.5,21.0,False
2025-05-06,216.0,8983638.0,5377.0,1615.0,270.0,60.0,6.7,58051.0,4504.0,1762.0,279.0,7.5,64.0,54127.0,9.0,11.6,10.6,32.0,False
2025-05-07,220.0,8989321.0,5377.0,1649.0,275.0,61.0,7.2,58074.0,4504.0,1731.0,284.0,7.8,64.0,54150.0,9.0,11.7,11.1,33.0,False
2025-05-08,219.0,8995540.0,5377.0,1547.0,288.0,59.0,6.5,58098.0,4504.0,1571.0,276.0,7.2,55.0,54174.0,8.5,11.3,9.9,23.0,False
2025-05-09,246.0,9001953.0,5377.0,1565.0,270.0,58.0,6.7,58123.0,4504.0,1631.0,278.0,7.4,61.0,54199.0,8.5,11.3,10.6,29.0,False
2025-05-10,252.0,9004922.0,5378.0,805.0,303.0,35.0,9.3,58127.0,4504.0,1781.0,298.0,8.9,65.0,54216.0,9.0,13.4,12.4,23.0,True
2025-05-12,180.0,9015805.0,5389.0,1495.0,256.0,57.0,5.7,58168.0,4504.0,1544.0,267.0,6.4,59.0,54271.0,8.5,11.6,9.5,29.0,False
2025-05-13,184.0,9020954.0,5389.0,1522.0,262.0,58.4,6.1,58191.0,4504.0,1584.0,271.0,6.9,60.1,54295.0,8.5,12.0,10.1,27.0,False
2025-05-14,176.0,9027079.0,5389.0,1623.0,263.0,60.8,6.2,58215.0,4504.0,1726.0,275.0,7.1,63.5,54319.0,9.0,11.9,10.0,30.0,False
2025-05-16,180.0,9038240.0,5389.0,1226.0,272.0,61.0,6.9,58261.0,4504.0,1673.0,281.0,7.6,62.0,54364.0,9.0,12.5,10.8,30.0,False
2025-05-17,181.0,9042864.0,5389.0,1483.0,280.0,57.4,7.5,58280.0,4504.0,1551.0,290.0,8.3,59.2,54384.0,9.0,13.9,10.8,25.0,False
2025-05-20,205.0,9054865.0,5385.0,1670.0,269.0,62.1,6.6,58322.0,4508.0,1561.0,280.0,7.5,61.1,54415.0,9.0,12.1,10.4,28.0,False
2025-05-21,199.0,9060724.0,5388.0,1647.0,270.0,61.7,6.7,58344.0,4508.0,1593.0,275.0,7.3,60.9,54440.0,9.0,11.9,10.3,31.0,False
2025-05-22,200.0,9066489.0,5390.0,1675.0,258.0,62.5,6.5,58365.0,4508.0,1640.0,269.0,7.1,61.3,54488.0,9.0,12.2,10.3,29.0,False
2025-05-23,195.0,9072389.0,5393.0,1689.0,270.0,62.9,6.7,58387.0,4508.0,1642.0,281.0,7.6,61.6,54512.0,9.0,12.2,10.4,29.0,False
2025-05-24,199.0,9076689.0,5396.0,1551.0,257.0,58.9,5.9,58404.0,4508.0,1643.0,269.0,6.6,54.8,54529.0,8.5,11.2,8.5,23.0,False
2025-05-26,183.0,9088597.0,5396.0,1322.0,253.0,53.0,5.5,58460.0,4508.0,1375.0,264.0,6.3,54.6,54584.0,9.0,11.4,9.0,25.0,False
2025-05-28,182.0,9097809.0,5396.0,1494.0,265.0,27.9,6.4,58507.0,4508.0,1485.0,276.0,7.2,57.5,54631.0,9.0,12.3,10.0,27.0,False
2025-05-29,174.0,9102432.0,5396.0,1233.0,257.0,50.5,5.9,58529.0,4508.0,1279.0,267.0,6.5,51.8,54654.0,9.0,11.4,8.9,24.0,False
2025-05-30,195.0,9106775.0,5397.0,1180.0,288.0,48.9,5.9,58545.0,4508.0,1239.0,269.0,6.6,50.9,54680.0,9.0,11.8,9.0,26.0,False
2025-05-31,182.0,9109918.0,5393.0,1172.0,261.0,48.6,6.0,58562.0,4508.0,1232.0,271.0,6.8,50.4,54697.0,9.0,11.6,9.0,22.0,False
2025-06-04,154.0,9126008.0,5402.0,1464.0,250.0,56.9,5.2,58640.0,4512.0,1532.0,262.0,6.2,58.0,54795.0,9.0,11.7,9.1,28.0,False
2025-06-05,177.0,9130536.0,5402.0,1478.0,261.0,57.3,6.1,58665.0,4512.0,1539.0,272.0,6.9,58.9,54819.0,9.0,12.1,10.5,29.0,False
2025-06-06,180.0,9135850.0,5402.0,1359.0,256.0,54.0,5.7,58689.0,4512.0,1405.0,266.0,6.5,55.0,54844.0,9.0,11.6,9.0,23.0,False
2025-06-07,180.0,9139817.0,5402.0,1138.0,265.0,47.5,6.0,58706.0,4512.0,1220.0,270.0,6.8,50.0,54861.0,9.0,11.9,8.8,20.0,False
2025-06-09,182.0,9151923.0,5402.0,1566.0,275.0,59.3,7.2,58761.0,4512.0,1708.0,289.0,8.2,62.8,54916.0,9.0,13.0,10.8,28.0,False
2025-06-10,188.0,9157914.0,5402.0,1663.0,274.0,62.0,7.0,58787.0,4512.0,1576.0,285.0,7.9,59.0,54941.0,9.0,12.9,10.6,27.0,False
2025-06-11,182.0,9162560.0,5402.0,1593.0,259.0,60.2,5.8,58810.0,4512.0,1560.0,268.0,6.6,59.0,54964.0,9.0,11.6,9.7,26.0,False
2025-06-12,182.0,9167742.0,5402.0,1306.0,257.0,52.7,5.8,58834.0,4512.0,1338.0,268.0,6.5,53.5,54989.0,9.0,11.8,8.9,20.0,False
2025-06-13,187.0,9172825.0,5402.0,1497.0,291.0,57.9,8.3,58859.0,4512.0,1596.0,304.0,9.3,60.6,55013.0,9.0,13.9,11.5,28.0,True
2025-06-14,184.0,9176053.0,5402.0,1244.0,262.0,50.6,6.1,58874.0,4512.0,1293.0,273.0,7.0,52.2,55029.0,9.0,11.9,8.9,19.0,False
2025-06-16,185.0,9186191.0,5402.0,1213.0,262.0,49.0,6.2,58931.0,4512.0,1117.0,274.0,7.0,48.0,55085.0,9.0,12.2,9.1,16.0,False
2025-06-18,186.0,9195289.0,5404.0,1375.0,260.0,54.0,6.0,58978.0,4512.0,1428.0,271.0,6.8,56.0,55133.0,9.0,12.3,9.2,20.0,False
2025-06-19,180.0,9198750.0,5407.0,1188.0,259.0,49.3,5.9,59001.0,4512.0,1230.0,270.0,6.7,50.0,55156.0,9.0,11.9,8.9,19.0,False
2025-06-21,173.0,9204868.0,5408.0,872.0,268.0,38.3,6.6,59042.0,4512.0,933.0,278.0,7.4,40.0,55197.0,9.0,11.6,9.0,17.0,False
2025-06-23,174.0,9215650.0,5408.0,1036.0,264.0,44.2,6.3,59098.0,4512.0,1071.0,274.0,7.0,45.0,55253.0,9.0,11.5,9.0,18.0,False
2025-06-24,159.0,9219908.0,5408.0,980.0,265.0,42.0,6.4,59122.0,4512.0,1019.0,275.0,7.1,43.0,55277.0,9.0,11.7,8.9,18.0,False
2025-06-25,173.0,9223612.0,5408.0,1079.0,264.0,45.7,6.3,59146.0,4512.0,1139.0,274.0,7.0,47.6,55301.0,9.0,11.9,9.1,19.0,False
2025-06-26,186.0,9227056.0,5409.0,1117.0,264.0,46.9,6.3,59169.0,4512.0,1143.0,274.0,7.1,47.7,55325.0,9.0,11.7,9.0,18.0,False
2025-06-27,185.0,9230355.0,5409.0,1447.0,253.0,57.0,7.4,59191.0,4512.0,1503.0,265.0,7.2,58.0,55347.0,9.0,11.4,9.0,25.0,False
2025-06-28,180.0,9233250.0,5409.0,1222.0,261.0,50.0,6.1,59211.0,4512.0,1252.0,272.0,6.9,50.0,55366.0,9.0,11.9,9.1,19.0,False
2025-07-02,182.0,9251337.0,5413.0,1580.0,261.0,60.0,6.1,59305.0,4512.0,1579.0,270.0,6.8,60.0,55469.0,9.0,11.4,9.3,27.0,False
2025-07-03,185.0,9255923.0,5413.0,1437.0,262.0,56.0,6.2,59326.0,4512.0,1506.0,275.0,7.0,58.0,55491.0,9.0,12.1,9.5,24.0,False
2025-07-04,193.0,9261046.0,5413.0,1477.0,261.0,57.2,6.1,59350.0,4512.0,1569.0,273.0,6.9,59.0,55515.0,9.0,16.6,9.7,28.0,False
2025-07-05,186.0,9264350.0,5413.0,844.0,271.0,37.0,6.8,59368.0,4512.0,1485.0,280.0,7.5,38.4,55533.0,9.0,11.3,9.1,16.0,False
2025-07-08,165.0,9274877.0,5431.0,1061.0,262.0,45.0,6.1,59423.0,4512.0,1105.0,271.0,6.8,46.0,55611.0,9.0,10.9,9.0,24.0,False
2025-07-09,180.0,9278372.0,5431.0,1036.0,266.0,44.0,6.4,59446.0,4512.0,1137.0,277.0,7.3,47.5,55634.0,9.0,12.0,9.1,19.0,False
2025-07-10,170.0,9282522.0,5431.0,1179.0,263.0,48.0,6.2,59471.0,4512.0,1206.0,275.0,7.1,49.0,55660.0,9.0,11.9,9.0,20.0,False
2025-07-11,181.0,9287403.0,5431.0,1273.0,259.0,51.0,5.7,59497.0,4512.0,1357.0,271.0,6.8,54.0,55685.0,9.0,12.3,9.0,17.0,False
2025-07-12,163.0,9290669.0,5431.0,1083.0,268.0,45.0,6.6,59511.0,4512.0,1140.0,280.0,7.5,47.0,55699.0,9.0,13.1,9.0,13.0,False
2025-07-14,156.0,9303306.0,5431.0,1331.0,257.0,53.0,7.7,59568.0,4512.0,1426.0,270.0,6.7,56.0,55756.0,9.0,12.1,9.0,23.0,False
2025-07-15,187.0,9309091.0,5431.0,1160.0,264.0,48.0,6.3,59593.0,4512.0,1223.0,275.0,7.1,50.0,55781.0,9.0,11.6,9.0,20.0,False
2025-07-16,196.0,9313370.0,5431.0,1250.0,260.0,51.0,6.0,59616.0,4512.0,1322.0,272.0,6.9,53.0,55804.0,9.0,12.0,9.0,19.0,False
2025-07-17,181.0,9318056.0,5431.0,1023.0,267.0,44.0,6.5,59640.0,4512.0,1103.0,277.0,7.8,46.0,55828.0,9.0,11.5,9.0,19.0,False
2025-07-18,185.0,9322954.0,5431.0,1390.0,264.0,55.0,6.3,59663.0,4512.0,1491.0,276.0,7.2,58.0,55852.0,9.0,12.3,9.4,22.0,False
2025-07-19,186.0,9326770.0,5431.0,1155.0,266.0,48.0,6.4,59681.0,4512.0,1261.0,277.0,7.3,51.0,55869.0,9.0,12.1,9.1,19.0,False
2025-07-21,169.0,9336671.0,5431.0,1170.0,260.0,49.0,6.0,59736.0,4512.0,1246.0,270.0,6.7,51.0,55924.0,9.0,10.7,9.0,27.0,False
2025-07-22,186.0,9341148.0,5431.0,1546.0,255.0,59.0,5.6,59759.0,4512.0,1472.0,265.0,6.4,58.0,55947.0,9.0,11.0,9.0,27.0,False
2025-07-23,171.0,9344930.0,5431.0,1401.0,258.0,55.0,5.8,59783.0,4512.0,1478.0,270.0,6.7,57.0,55971.0,9.0,11.6,9.0,25.0,False
2025-07-24,176.0,9349876.0,5431.0,1483.0,260.0,57.0,6.0,59808.0,4512.0,1612.0,272.0,6.9,60.0,55996.0,9.0,11.9,9.1,26.0,False
2025-07-25,177.0,9354350.0,5431.0,1514.0,264.0,58.0,6.2,59830.0,4512.0,1584.0,275.0,7.1,60.0,56019.0,9.0,12.1,9.5,25.0,False
2025-07-26,175.0,9358363.0,5431.0,1373.0,26.0,55.0,6.4,59849.0,4512.0,1493.0,278.0,7.4,58.0,56037.0,9.0,12.7,9.2,20.0,False
2025-07-28,188.0,9369120.0,5431.0,1450.0,259.0,56.0,5.9,59903.0,4512.0,1514.0,270.0,6.7,58.0,56091.0,9.0,11.8,9.2,24.0,False
2025-07-29,187.0,9373727.0,5431.0,1471.0,270.0,57.0,8.7,59926.0,4512.0,1538.0,281.0,7.6,59.0,56114.0,9.0,12.5,9.9,25.0,False
2025-07-31,189.0,9382443.0,5431.0,1235.0,264.0,50.0,6.3,59974.0,4512.0,1300.0,275.0,7.1,52.0,56162.0,9.0,11.3,9.1,24.0,False
2025-08-01,187.0,9385947.0,5431.0,1069.0,266.0,45.0,6.4,59999.0,4512.0,1127.0,276.0,7.2,47.0,56188.0,9.0,11.5,8.9,21.0,False
2025-08-02,159.0,9387985.0,5432.0,806.0,273.0,3.6,7.0,60015.0,4512.0,859.0,282.0,7.6,38.0,56206.0,9.0,11.2,9.1,18.0,False
2025-08-04,178.0,9397515.0,5432.0,987.0,265.0,43.0,6.3,60070.0,4512.0,1041.0,273.0,6.9,44.0,56261.0,9.0,10.2,9.0,24.0,False
2025-08-05,164.0,9399970.0,5432.0,987.0,265.0,43.0,6.3,60070.0,4512.0,1669.0,288.0,8.1,63.0,56282.0,9.0,12.4,10.6,26.0,False
2025-08-06,196.0,9404033.0,5440.0,1139.0,262.0,48.0,6.1,60102.0,4513.0,1130.0,271.0,6.8,47.0,56304.0,9.0,11.8,9.0,22.0,False
2025-08-07,176.0,9407843.0,5440.0,1065.0,264.0,45.0,6.3,60125.0,4513.0,1125.0,275.0,7.1,47.0,56328.0,9.0,11.6,9.1,24.0,False
2025-08-08,186.0,9411954.0,5440.0,1446.0,260.0,57.0,6.0,60150.0,4513.0,1325.0,269.0,6.7,53.0,56352.0,9.0,12.0,8.9,22.0,False
2025-08-09,189.0,9415383.0,5440.0,1202.0,268.0,50.0,6.6,60168.0,4513.0,1143.0,276.0,7.2,48.0,56771.0,9.0,12.2,9.0,19.0,False
2025-08-11,184.0,9425136.0,5440.0,1359.0,264.0,53.0,6.3,60223.0,4513.0,1244.0,271.0,6.9,51.0,56426.0,9.0,11.8,9.0,22.0,False
2025-08-12,178.0,9427994.0,5441.0,879.0,269.0,39.0,6.7,60242.0,4513.0,873.0,278.0,7.3,38.0,56450.0,9.0,11.1,8.9,20.0,False
2025-08-13,184.0,9431224.0,5441.0,1128.0,265.0,47.0,6.4,60267.0,4513.0,1137.0,275.0,7.1,48.0,56474.0,9.0,11.5,9.1,24.0,False
2025-08-15,187.0,9439780.0,5441.0,1269.0,266.0,52.0,6.5,60312.0,5441.0,1223.0,276.0,7.2,50.0,60312.0,9.0,12.3,9.1,22.0,False
2025-08-16,185.0,9442773.0,5441.0,802.0,273.0,36.0,7.0,60330.0,4513.0,800.0,282.0,7.6,36.0,56538.0,9.0,11.8,9.0,14.0,False
2025-08-19,174.0,9453088.0,5443.0,926.0,270.0,40.0,7.1,60409.0,4513.0,924.0,277.0,7.3,40.0,56617.0,9.0,10.7,9.0,24.0,False
2025-08-20,186.0,9455874.0,5445.0,1239.0,267.0,50.0,6.6,60432.0,4513.0,1200.0,277.0,7.3,49.0,56640.0,9.0,11.8,9.1,22.0,False
2025-08-21,167.0,9459504.0,5445.0,908.0,271.0,40.0,6.8,60456.0,4513.0,9.3,280.0,7.5,40.0,56665.0,9.0,11.7,9.0,20.0,False
2025-08-22,170.0,9462732.0,5445.0,1224.0,263.0,50.0,6.3,60480.0,4513.0,1209.0,274.0,7.0,50.0,56689.0,9.0,11.9,9.1,25.0,False
2025-08-23,180.0,9465201.0,5445.0,986.0,274.0,42.0,7.0,60498.0,4513.0,947.0,282.0,7.7,41.0,56706.0,9.0,11.7,9.0,17.0,False
2025-08-25,0.0,9473132.0,5445.0,983.0,272.0,42.0,6.9,60552.0,4513.0,968.0,282.0,7.6,41.0,56760.0,9.0,12.0,9.0,18.0,False
2025-08-26,183.0,9476340.0,5445.0,1380.0,264.0,54.0,6.2,60575.0,4513.0,1345.0,273.0,7.0,53.0,56784.0,9.0,11.9,8.9,25.0,False
2025-08-27,164.0,94795449.0,5445.0,1380.0,264.0,54.0,6.2,60575.0,4513.0,868.0,272.0,6.9,38.0,56808.0,9.0,10.4,9.0,16.0,True
2025-08-28,165.0,9481649.0,5445.0,1075.0,271.0,45.0,8.4,60597.0,4515.0,1021.0,280.0,8.5,43.0,56832.0,9.0,11.2,9.1,24.0,False
2025-08-29,163.0,9485027.0,5451.0,1436.0,271.0,56.0,6.8,60620.0,4513.0,1417.0,282.0,7.6,56.0,56856.0,9.0,12.8,9.8,25.0,False
2025-08-30,165.0,9488221.0,5451.0,884.0,274.0,39.0,7.0,60638.0,4513.0,882.0,283.0,7.7,39.0,56874.0,9.0,12.2,9.1,15.0,False
2025-09-02,166.0,9498738.0,5454.0,772.0,275.0,34.0,7.2,60697.0,4513.0,785.0,284.0,7.8,35.0,56953.0,9.0,11.5,9.0,17.0,False
2025-09-04,176.0,9505158.0,5454.0,1131.0,268.0,47.0,6.6,60745.0,4513.0,1117.0,278.0,7.4,47.0,57001.0,9.0,12.3,9.0,21.0,False
2025-09-05,170.0,9508669.0,5454.0,963.0,272.0,41.0,6.9,60769.0,4513.0,1.36,281.0,7.6,44.0,57025.0,9.0,11.4,9.0,24.0,False
2025-09-06,165.0,9511097.0,5454.0,806.0,272.0,35.0,6.9,60786.0,4513.0,810.0,282.0,7.7,36.0,57043.0,9.0,12.2,8.9,16.0,False
2025-09-13,168.0,9539575.0,5455.0,858.0,276.0,38.0,7.2,60955.0,4513.0,859.0,285.0,7.8,38.0,57212.0,9.0,11.6,9.1,19.0,False
2025-09-17,198.0,9549370.0,5464.0,1446.0,285.0,56.0,7.9,61004.0,4513.0,1467.0,296.0,8.7,57.0,57312.0,9.0,14.0,10.5,26.0,False
2025-09-19,168.0,9558122.0,5464.0,1123.0,271.0,47.0,6.8,61054.0,4513.0,1137.0,281.0,7.5,47.0,57361.0,9.0,12.0,9.0,23.0,False
2025-09-20,174.0,9560677.0,5464.0,895.0,275.0,39.0,7.2,61070.0,4513.0,868.0,284.0,7.8,38.0,57378.0,9.0,11.9,9.0,17.0,False
2025-09-22,167.0,9566474.0,5471.0,1125.0,273.0,47.0,6.9,61097.0,4513.0,1144.0,282.0,7.6,48.0,57433.0,9.0,12.0,9.1,25.0,False
2025-09-23,175.0,9570037.0,5471.0,1071.0,273.0,45.0,7.0,61122.0,4513.0,1066.0,283.0,7.7,45.0,57458.0,9.0,11.6,9.0,24.0,False
2025-09-24,178.0,9573542.0,5471.0,1122.0,268.0,47.0,6.6,61146.0,4514.0,1147.0,279.0,7.4,48.0,57482.0,9.0,11.9,8.8,25.0,False
2025-09-27,179.0,9581394.0,5471.0,836.0,278.0,37.0,7.3,61210.0,4514.0,845.0,286.0,7.9,37.0,57545.0,9.0,11.2,9.0,18.0,False
2025-09-29,182.0,9589208.0,5471.0,1122.0,272.0,48.0,6.9,61265.0,4514.0,1120.0,281.0,7.6,47.0,57601.0,9.0,12.0,9.0,24.0,False
2025-09-30,185.0,9592841.0,5471.0,1249.0,269.0,51.0,6.7,51289.0,4514.0,1280.0,281.0,7.5,52.0,57624.0,9.0,12.4,9.1,25.0,False
2025-10-01,175.0,9596401.0,5471.0,864.0,277.0,38.0,7.2,61313.0,4514.0,907.0,286.0,7.9,39.0,57648.0,9.0,11.8,9.0,18.0,False
2025-10-02,176.0,9599970.0,5471.0,1176.0,271.0,48.0,6.8,61336.0,4514.0,1187.0,282.0,7.6,49.0,57672.0,9.0,12.4,9.0,22.0,False
2025-10-03,184.0,9603367.0,5471.0,1105.0,272.0,46.0,6.9,61360.0,4514.0,1123.0,281.0,7.6,47.0,57696.0,9.0,11.6,9.0,24.0,False
2025-10-04,185.0,9605891.0,5471.0,874.0,276.0,38.0,7.2,61378.0,4514.0,903.0,285.0,7.9,39.0,57713.0,9.0,12.1,9.0,16.0,False
2025-10-06,162.0,96117552.0,5476.0,996.0,273.0,43.0,7.0,61397.0,4514.0,1070.0,284.0,7.8,45.0,57768.0,9.0,12.4,9.0,22.0,False
2025-10-07,164.0,9615846.0,5476.0,988.0,273.0,43.0,7.0,61421.0,4514.0,1029.0,283.0,7.7,44.0,57792.0,9.0,11.6,9.0,25.0,False
2025-10-09,166.0,9622041.0,5476.0,1043.0,272.0,44.0,6.9,61467.0,4514.0,1090.0,283.0,7.7,46.0,57838.0,9.0,12.4,9.0,19.0,False
2025-10-11,181.0,9630108.0,5476.0,977.0,273.0,42.0,6.9,61511.0,4514.0,1008.0,282.0,7.7,43.0,57882.0,9.0,12.2,8.9,19.0,False
2025-10-13,159.0,9635200.0,5478.0,1063.0,272.0,45.0,6.9,61527.0,4514.0,1092.0,282.0,7.6,46.0,57936.0,26.1,11.6,9.0,9.0,False
2025-10-14,175.0,9639933.0,61552.0,13.6,267.0,52.0,6.6,4514.0,57960.0,5478.0,279.0,7.4,53.0,57960.0,9.0,12.5,8.9,28.0,True
2025-10-15,175.0,9639933.0,5478.0,1306.0,267.0,52.0,6.6,61552.0,4514.0,1327.0,279.0,7.4,53.0,57960.0,9.0,12.5,8.9,28.0,False
2025-10-16,186.0,9647882.0,5478.0,1410.0,269.0,55.0,6.6,61598.0,4514.0,1469.0,280.0,7.5,57.0,58007.0,9.0,12.4,9.1,28.1,False
2025-10-17,188.0,9652297.0,54780.0,1193.0,270.0,49.0,6.7,61623.0,4514.0,1324.0,283.0,7.7,53.0,58032.0,9.0,12.4,9.0,23.0,False
2025-10-18,189.0,9655248.0,5478.0,1079.0,273.0,46.0,7.0,61641.0,4514.0,1106.0,284.0,7.7,46.0,58050.0,9.0,12.5,9.1,19.0,False
2025-10-20,164.0,9660753.0,5481.0,1079.0,274.0,46.0,7.0,61667.0,4514.0,1139.0,284.0,7.8,48.0,58103.0,9.0,12.3,9.1,26.0,False
2025-10-21,185.0,9665499.0,5481.0,1356.0,269.0,54.0,6.7,61693.0,4514.0,1404.0,281.0,7.6,55.0,58129.0,9.0,12.4,9.0,24.0,False
2025-10-23,175.0,9674590.0,5481.0,1305.0,268.0,52.0,6.6,61740.0,4514.0,1351.0,280.0,7.5,54.0,58176.0,9.0,12.3,9.0,25.0,False
2025-10-25,159.0,9681387.0,5482.0,803.0,247.0,35.0,7.3,61782.0,4514.0,815.0,286.0,8.0,36.0,58218.0,9.0,11.8,9.0,16.0,False
2025-10-27,166.0,9686867.0,5488.0,1096.0,274.0,46.0,7.0,61806.0,4514.0,1140.0,284.0,7.8,47.0,58272.0,9.0,11.7,9.0,25.0,False
2025-10-28,177.0,9689814.0,5490.0,1205.0,272.0,49.0,6.9,61823.0,4514.0,1273.0,282.0,7.6,51.0,58296.0,9.0,11.7,9.1,30.0,False
2025-10-29,167.0,9692320.0,5493.0,910.0,276.0,39.0,7.2,61843.0,4514.0,953.0,285.0,7.9,41.0,58319.0,9.0,11.6,9.0,22.0,False
2025-10-30,184.0,9695920.0,5493.0,1430.0,262.0,56.0,6.1,61868.0,4514.0,1489.0,273.0,7.0,57.0,58344.0,8.5,11.9,8.5,25.0,False
2025-10-31,181.0,9699336.0,5493.0,1147.0,265.0,48.0,6.4,61890.0,4514.0,1209.0,276.0,7.2,49.0,58366.0,8.5,11.3,8.5,25.0,False
2025-11-01,182.0,9702715.0,5493.0,845.0,269.0,37.0,6.7,61910.0,4514.0,887.0,279.0,7.4,39.0,58386.0,8.5,11.4,8.5,15.8,False
2025-11-04,181.0,9710549.0,5498.0,1440.0,266.0,56.0,6.4,61952.0,4516.0,1493.0,277.0,7.2,57.0,58458.0,8.5,12.3,8.8,26.0,False
2025-11-05,192.0,9714816.0,5498.0,1418.0,266.0,56.0,6.4,61976.0,4516.0,1508.0,279.0,7.5,58.0,58482.0,8.5,12.4,8.9,25.0,False
2025-11-06,191.0,9718991.0,5499.0,1458.0,260.0,56.0,6.0,62001.0,4516.0,1524.0,272.0,6.9,58.0,58506.0,8.0,11.6,8.4,25.0,False
2025-11-10,180.0,9727983.0,5503.0,1085.0,260.0,46.0,7.2,62042.0,4516.0,1079.0,271.0,6.8,46.0,58603.0,8.0,11.7,8.0,15.0,False
2025-11-11,189.0,9731851.0,5503.0,1402.0,255.0,55.0,5.6,62066.0,4516.0,1535.0,269.0,6.7,58.0,58627.0,8.0,11.2,8.1,27.0,False
2025-11-13,176.0,9740230.0,5503.0,1148.0,260.0,48.0,6.1,62113.0,4516.0,1224.0,270.0,6.8,50.0,58674.0,8.0,10.8,8.0,24.0,False
2025-11-14,189.0,9743552.0,5503.0,1256.0,258.0,51.0,5.9,62137.0,4516.0,1335.0,268.0,6.6,53.0,58698.0,8.0,10.6,8.0,26.0,False
2025-11-15,193.0,9746219.0,5503.0,871.0,263.0,38.0,6.2,62155.0,4516.0,975.0,274.0,7.0,42.0,58716.0,8.0,11.2,8.0,16.0,False
2025-11-18,175.0,9759749.0,5503.0,1668.0,263.0,62.0,6.1,62232.0,45156.0,1710.0,276.0,7.2,63.0,58793.0,8.0,11.5,8.4,29.0,False
2025-11-19,190.0,9764103.0,5504.0,1060.0,256.0,45.0,5.7,62256.0,4518.0,1115.0,281.0,7.6,46.0,58817.0,8.0,11.1,8.3,24.0,False
2025-11-20,184.0,9767335.0,5505.0,1108.0,260.0,46.0,6.0,62281.0,4519.0,1159.0,270.0,6.7,48.0,58842.0,8.0,10.6,8.0,27.0,False
2025-11-21,187.0,9771016.0,5505.0,1124.0,259.0,47.0,5.9,62305.0,4519.0,1112.0,268.0,6.6,46.0,58866.0,8.0,10.9,8.0,24.0,False
2025-11-22,186.0,9773552.0,5505.0,813.0,265.0,36.0,6.4,62322.0,4519.0,812.0,273.0,7.0,36.0,58883.0,8.0,10.7,8.1,16.0,False
2025-11-27,188.0,97904759.0,5505.0,1184.0,258.0,49.0,5.8,62428.0,4520.0,1183.0,268.0,6.6,49.0,59007.0,8.0,11.5,8.0,21.0,False
2025-11-29,179.0,9796657.0,5508.0,715.0,265.0,32.0,6.4,62472.0,4520.0,735.0,274.0,7.0,33.0,59061.0,8.0,10.5,8.0,16.0,False
2025-12-01,180.0,9803852.0,5508.0,979.0,264.0,42.0,6.3,62525.0,4520.0,1050.0,272.0,6.9,44.0,59104.0,8.0,10.5,8.1,24.0,False
2025-12-02,186.0,9806827.0,5508.0,1275.0,260.0,52.0,6.0,62548.0,591245207.0,1250.0,270.0,6.7,51.0,59127.0,8.0,10.7,8.0,27.0,False
2025-12-04,191.0,9815311.0,5508.0,1632.0,264.0,61.0,6.4,62598.0,4520.0,1554.0,273.0,7.0,59.0,59177.0,8.0,11.4,8.6,29.0,False
2025-12-05,185.0,9819651.0,5508.0,6.9,262.0,272.0,6.1,62621.0,4520.0,1480.0,272.0,6.1,57.0,59200.0,8.0,11.6,8.5,27.0,True
2025-12-06,180.0,9822375.0,5508.0,766.0,266.0,34.0,6.4,62639.0,4520.0,766.0,274.0,7.1,34.0,59219.0,8.0,10.8,8.0,14.0,False
2025-12-08,182.0,9829900.0,5508.0,998.0,261.0,43.0,6.1,62693.0,4520.0,1018.0,270.0,6.8,43.0,59272.0,8.0,10.8,8.0,21.0,False
2025-12-09,183.0,9834081.0,5508.0,1385.0,260.0,55.0,6.0,62717.0,4520.0,1441.0,273.0,6.9,56.0,59296.0,8.0,12.1,8.5,27.0,False
2025-12-10,191.0,9838074.0,5508.0,1261.0,259.0,51.0,5.9,62742.0,4420.0,1318.0,269.0,6.7,53.0,59321.0,8.0,10.7,80.1,28.0,False
2025-12-11,187.0,9841350.0,5508.0,1408.0,259.0,55.0,5.9,62766.0,4520.0,1417.0,268.0,6.6,55.0,59345.0,8.0,10.8,8.0,27.0,False
2025-12-13,180.0,9847953.0,5508.0,768.0,264.0,34.0,6.3,62807.0,4520.0,804.0,274.0,7.0,35.0,59387.0,8.0,10.7,8.0,16.0,False
2025-12-15,176.0,9856107.0,5508.0,867.0,263.0,38.0,6.2,62860.0,4520.0,859.0,272.0,6.9,38.0,59439.0,8.0,10.7,8.0,19.0,False
2025-12-16,176.0,9859016.0,5508.0,92.0,263.0,40.0,6.2,62885.0,4520.0,958.0,272.0,6.9,41.0,59465.0,8.0,10.5,8.0,22.0,False
2025-12-17,187.0,9861720.0,5508.0,1186.0,261.0,49.0,6.1,62908.0,4520.0,1270.0,273.0,7.0,51.0,59488.0,8.0,10.9,8.1,26.0,False
2025-12-18,189.0,9864401.0,5508.0,972.0,263.0,42.0,6.2,62932.0,4520.0,1009.0,273.0,7.0,43.0,59511.0,8.0,10.9,8.1,18.0,False
2025-12-19,186.0,9868205.0,5508.0,1201.0,260.0,49.0,6.0,62957.0,4520.0,1194.0,270.0,6.7,49.0,59536.0,8.0,10.9,8.0,23.0,False
2025-12-20,179.0,9870473.0,5508.0,910.0,286.0,39.0,7.9,62971.0,4520.0,915.0,262.0,6.1,39.0,59555.0,8.0,10.1,8.1,10.0,False
2025-12-22,178.0,9875106.0,5513.0,1000.0,262.0,43.0,6.1,63000.0,4520.0,1004.0,271.0,6.8,43.0,59608.0,8.0,10.6,8.0,22.0,False
2025-12-23,181.0,9878843.0,5513.0,1264.0,256.0,51.0,5.7,63026.0,4520.0,1262.0,267.0,6.5,0.0,59633.0,8.0,10.8,8.1,26.0,False
2025-12-24,172.0,9881265.0,5513.0,647.0,265.0,31.0,6.4,63.0,4520.0,720.0,275.0,7.1,32.0,59652.0,8.0,11.0,8.0,12.0,True
2025-12-26,167.0,9884016.0,5521.0,871.0,262.0,38.0,6.2,63061.0,4564.0,891.0,272.0,6.9,39.0,59684.0,8.0,10.8,8.0,18.0,False
2025-12-27,201.0,9886022.0,5521.0,700.0,266.0,31.0,6.5,63079.0,4564.0,724.0,275.0,7.1,32.0,59701.0,8.0,10.6,8.0,11.0,False
2025-12-29,218.0,9895421.0,5521.0,1167.0,259.0,48.0,5.9,63132.0,4564.0,1173.0,268.0,6.6,48.0,59754.0,8.0,10.7,8.0,21.0,False
2025-12-31,193.0,9902551.0,5521.0,1167.0,259.0,48.0,5.9,63132.0,4564.0,852.0,264.0,6.3,37.0,59798.0,8.0,9.7,8.0,10.0,False
2026-01-02,185.0,9905227.0,5524.0,1322.0,255.0,52.8,5.7,63183.0,4565.0,1347.0,266.0,6.5,54.0,59827.0,8.0,11.0,8.0,25.0,False
2026-01-03,192.0,9908111.0,5524.0,717.0,265.0,32.0,6.3,63200.0,4565.0,752.0,273.0,7.0,33.0,59845.0,8.0,11.0,8.0,9.6,False
2026-01-05,150.0,9913259.0,5527.0,884.0,262.0,39.0,6.1,63217.0,4565.0,915.0,271.0,6.8,40.0,59898.0,8.0,10.3,8.1,25.0,False
2026-01-06,164.0,9916717.0,5528.0,1224.0,258.0,50.0,5.9,63244.0,4565.0,1248.0,268.0,6.6,51.0,59925.0,8.0,10.5,8.1,25.0,False
2026-01-07,197.0,9919865.0,5528.0,1462.0,257.0,57.0,5.8,63266.0,4565.0,1631.0,268.0,6.6,58.0,59946.0,8.0,10.9,8.4,28.0,False
2026-01-08,205.0,9924656.0,5528.0,1462.0,255.0,57.0,5.6,63292.0,4565.0,1550.0,266.0,6.4,58.0,59972.0,8.0,10.9,8.2,26.0,False
2026-01-09,203.0,9928463.0,5528.0,1493.0,262.0,58.0,6.1,63314.0,4565.0,1534.0,272.0,6.9,59.0,59995.0,8.0,11.0,8.3,30.0,False
2026-01-10,218.0,9931912.0,5528.0,843.0,264.0,37.0,6.3,63332.0,4565.0,893.0,272.0,6.9,39.0,60013.0,8.0,10.8,8.0,12.0,False
2026-01-12,214.0,9937745.0,5530.0,1341.0,252.0,54.0,5.4,63359.0,4565.0,1434.0,263.0,6.2,56.0,60067.0,8.0,10.4,7.8,24.0,False
2026-01-13,223.0,9941643.0,5531.0,1031.0,257.0,44.0,5.7,63380.0,4566.0,1070.0,265.0,6.4,45.0,60089.0,8.0,10.4,8.0,21.0,False
2026-01-14,226.0,9946410.0,5531.0,1148.0,255.0,48.0,5.6,63405.0,4566.0,1162.0,263.0,6.2,48.0,60114.0,8.0,9.8,8.1,25.0,False
2026-01-15,235.0,9949987.0,5531.0,1155.0,252.0,48.0,5.4,63429.0,4566.0,1123.0,261.0,6.1,47.0,60137.0,8.0,10.3,7.9,20.0,False
2026-01-16,196.0,9953884.0,5531.0,1106.0,253.0,46.0,5.5,63454.0,4566.0,1126.0,263.0,6.2,47.0,60162.0,8.0,10.3,8.1,22.0,False
2026-01-17,203.0,9955876.0,5531.0,618.0,267.0,27.0,6.5,63471.0,4566.0,630.0,274.0,7.0,28.0,60180.0,8.0,10.0,8.0,11.0,False
2026-01-19,198.0,9959465.0,5533.0,794.0,260.0,35.0,6.0,63485.0,4566.0,806.0,266.0,6.5,36.0,60234.0,8.0,9.3,8.0,21.0,False
2026-01-20,223.0,9962946.0,5533.0,1401.0,249.0,55.0,5.1,63509.0,4566.0,1398.0,260.0,6.0,55.0,60258.0,8.0,10.5,8.1,23.0,False
2026-01-21,221.0,9968071.0,5533.0,1255.0,247.0,51.0,4.9,63533.0,4566.0,1279.0,257.0,5.8,52.0,60282.0,8.0,10.1,7.9,23.0,False
2026-01-22,205.0,9971588.0,5533.0,1092.0,255.0,46.0,5.6,63555.0,4566.0,1121.0,264.0,6.3,47.0,60305.0,8.0,10.0,8.1,23.0,False
2026-01-23,203.0,9974559.0,5534.0,1034.0,253.0,44.0,5.4,63575.0,4566.0,1076.0,261.0,6.1,45.0,60329.0,8.0,9.7,8.0,25.0,False
2026-01-24,237.0,9976713.0,5535.0,616.0,268.0,27.0,6.6,63592.0,4566.0,626.0,275.0,7.1,28.0,60348.0,8.0,9.8,8.1,11.0,False
2026-01-26,244.0,9882694.0,5538.0,1431.0,270.0,56.0,6.7,63625.0,4566.0,1472.0,279.0,7.5,57.0,60401.0,8.0,11.7,9.6,26.0,False
2026-01-28,246.0,0.0,5538.0,1460.0,254.0,58.0,5.6,63672.0,4566.0,1459.0,263.0,6.2,57.0,60448.0,8.0,10.2,8.8,28.0,False
2026-01-29,239.0,9999207.0,5538.0,1503.0,259.0,58.0,6.0,63697.0,4566.0,1518.0,269.0,6.7,58.0,60473.0,8.0,10.6,9.4,28.0,False
2026-01-30,232.0,10004632.0,5538.0,1451.0,254.0,56.0,5.5,63722.0,4566.0,1434.0,264.0,6.3,56.0,60498.0,8.0,10.5,9.1,28.0,False
2026-01-31,227.0,10008862.0,5538.0,916.0,259.0,40.0,5.9,63741.0,4566.0,941.0,267.0,6.6,41.0,60517.0,8.0,10.2,8.1,16.0,False
2026-02-03,229.0,10021154.0,5543.0,1387.0,256.0,55.0,5.6,63812.0,4566.0,1461.0,266.0,6.4,57.0,60595.0,8.0,10.6,9.1,25.0,False
2026-02-04,197.0,10025378.0,5543.0,1436.0,245.0,56.0,4.7,63834.0,4566.0,1495.0,257.0,5.8,57.0,60617.0,8.0,9.9,8.0,27.0,False
2026-02-05,218.0,10029870.0,5543.0,1389.0,251.0,55.0,5.3,63858.0,4566.0,1403.0,261.0,6.1,55.0,60641.0,8.0,10.8,8.5,25.0,False
2026-02-06,238.0,10034981.0,5543.0,1411.0,256.0,56.0,5.7,63881.0,4566.0,1436.0,266.0,6.4,56.0,60665.0,8.0,10.8,9.0,24.0,False
2026-02-07,223.0,10038613.0,5543.0,673.0,266.0,30.0,6.5,63900.0,4566.0,721.0,274.0,7.0,32.0,60684.0,8.0,10.2,8.0,12.0,False
2026-02-13,223.0,10049137.0,5548.0,1539.0,252.0,59.0,5.3,63953.0,4572.0,1566.0,261.0,6.1,60.0,60768.0,8.0,10.1,9.5,30.0,False
2026-02-14,183.0,10052341.0,5548.0,826.0,256.0,36.0,5.7,63971.0,4572.0,858.0,265.0,6.4,37.0,60787.0,8.0,10.2,8.0,15.0,False
2026-02-16,221.0,10064041.0,5548.0,1604.0,263.0,60.0,6.3,64026.0,4512.0,1647.0,276.0,7.2,61.0,60841.0,8.0,11.0,10.1,29.0,False
2026-02-17,211.0,10069862.0,5548.0,1617.0,271.0,61.0,6.8,64049.0,4572.0,1625.0,282.0,7.7,61.0,60865.0,8.0,11.7,10.9,30.0,False
2026-02-18,218.0,10075605.0,5548.0,1548.0,270.0,59.0,6.7,64072.0,4572.0,1583.0,281.0,7.6,60.0,60888.0,8.0,11.7,10.6,29.0,False
2026-02-19,217.0,10081343.0,5548.0,1624.0,272.0,61.0,6.9,64096.0,4572.0,1650.0,281.0,7.6,62.0,60912.0,8.0,11.3,10.7,32.0,False
2026-02-20,221.0,10086818.0,5548.0,13629.0,263.0,61.0,6.4,64121.0,4572.0,1666.0,277.0,7.2,62.0,60936.0,8.0,11.0,10.2,30.0,True
2026-02-21,220.0,10090479.0,5448.0,923.0,258.0,40.0,5.8,64139.0,4572.0,945.0,266.0,6.5,41.0,60955.0,8.0,10.3,8.1,13.0,False
2026-02-23,209.0,10100767.0,5549.0,1415.0,244.0,55.0,4.7,64189.0,4572.0,1433.0,254.0,5.6,56.0,61009.0,8.0,10.0,8.3,23.0,False
2026-02-24,206.0,10105143.0,5550.0,1505.0,263.0,58.0,6.2,64212.0,4573.0,1517.0,274.0,7.0,58.0,61032.0,8.0,11.3,9.9,25.0,False
2026-02-25,223.0,10110435.0,5550.0,1562.0,266.0,59.0,6.4,64236.0,4573.0,1571.0,276.0,7.2,60.0,61055.0,8.0,11.7,10.0,26.0,False
2026-02-26,212.0,10115777.0,5550.0,1517.0,262.0,58.0,6.2,64259.0,4573.0,1531.0,274.0,7.0,58.0,61079.0,8.0,11.3,10.0,26.0,False
2026-02-28,213.0,10125848.0,5550.0,1123.0,255.0,47.0,5.6,64303.0,4573.0,1167.0,265.0,6.3,48.0,61122.0,8.0,10.9,8.1,13.0,False
2026-03-02,195.0,10136051.0,5551.0,1216.0,243.0,50.0,4.6,64350.0,4573.0,1255.0,252.0,5.4,51.0,6118.0,8.0,9.1,8.1,25.0,True
2026-03-03,209.0,10139663.0,5551.0,1440.0,249.0,56.0,5.1,64373.0,4573.0,1481.0,260.0,6.0,57.0,61200.0,8.0,10.4,8.9,23.0,False
2026-03-04,196.0,1943359.0,5551.0,1134.0,245.0,47.0,4.7,64396.0,4573.0,1168.0,255.0,5.6,48.0,61223.0,8.0,9.4,8.0,22.0,True
2026-03-05,205.0,10146746.0,5553.0,1431.0,250.0,56.0,5.2,64419.0,4573.0,1481.0,261.0,6.1,57.0,61247.0,8.0,10.4,8.6,21.0,False
2026-03-06,207.0,10151721.0,5553.0,1443.0,257.0,56.0,5.8,64444.0,4323.0,1487.0,269.0,6.6,57.0,61272.0,8.0,11.2,8.0,21.0,False
2026-03-07,197.0,10155697.0,5553.0,999.0,258.0,43.0,5.9,64463.0,4573.0,1060.0,263.0,6.7,45.0,61290.0,8.0,11.0,8.1,12.0,False
2026-03-12,208.0,10171427.0,5557.0,1448.0,256.0,56.0,5.7,64533.0,4574.0,1486.0,267.0,6.6,57.0,61387.0,8.0,11.1,9.2,23.0,False
2026-03-13,224.0,10177568.0,5557.0,1507.0,266.0,58.0,6.4,64558.0,4574.0,1527.0,278.0,7.3,58.0,61411.0,8.0,11.6,9.9,23.0,False
2026-03-14,225.0,10181977.0,5557.0,1330.0,255.0,53.0,5.6,64576.0,4374.0,1390.0,267.0,6.5,55.0,61429.0,8.0,11.2,8.5,15.0,False
2026-03-19,220.0,10210620.0,5547.0,1505.0,254.0,58.0,5.5,6457.0,5471.0,1531.0,264.0,6.3,58.0,61554.0,8.0,10.4,9.1,25.0,False
2026-03-20,218.0,10216195.0,5557.0,1535.0,260.0,59.0,5.9,64726.0,4574.0,1678.0,270.0,6.7,60.0,61580.0,8.0,10.7,9.6,26.0,False
2026-03-21,160.0,10219436.0,5557.0,973.0,257.0,42.0,5.8,64744.0,4574.0,1011.0,268.0,6.6,43.0,61598.0,8.0,11.2,8.1,13.0,False
